0.0,0.0,0.0,0.0,0.0,0.0,0.0,0.0,0.0,0.0,0.0,0.0,0.0,0.0,0.0,0.0,0.0,0.0,0.0,0.0,0.0,0.0,0.0,0.0,0.0,0.0,0.0,0.0,0.0,0.0,0.0,0.0,0.0,0.0,0.0,0.0,0.0,0.0,0.0,0.0,0.0,0.0,0.0,0.0,0.0,0.0,0.0,0.0,0.0,0.0,0.0,0.0,0.0,0.0,0.0,0.0,0.0,0.0,0.0,0.0,0.0,0.0,0.0,0.0,0.0,0.0,0.0,0.0,0.0,0.0,0.0,0.0,0.0,0.0,0.0,0.0,0.0,0.0,0.0,0.0,0.0,0.0,0.0,0.0,0.0,0.0,0.0,0.0,0.0,0.0,0.0,0.0,0.0,0.0,0.0,0.0,0.0,0.0,0.0,0.0,
0.0,0.0,0.0,0.0,0.0,0.0,0.0,0.0,0.0,0.0,0.0,0.0,0.0,0.0,0.0,0.0,0.0,0.0,0.0,0.0,0.0,0.0,0.0,0.0,0.0,0.0,0.0,0.0,0.0,0.0,0.0,0.0,0.0,0.0,0.0,0.0,0.0,0.0,0.0,0.0,0.0,0.0,0.0,0.0,0.0,0.0,0.0,0.0,0.0,0.0,0.0,0.0,0.0,0.0,0.0,0.0,0.0,0.0,0.0,0.0,0.0,0.0,0.0,0.0,0.0,0.0,0.0,0.0,0.0,0.0,0.0,0.0,0.0,0.0,0.0,0.0,0.0,0.0,0.0,0.0,0.0,0.0,0.0,0.0,0.0,0.0,0.0,0.0,0.0,0.0,0.0,0.0,0.0,0.0,0.0,0.0,0.0,0.0,0.0,0.0,
0.0,0.0,0.0,0.0,0.0,0.0,0.0,0.0,0.0,0.0,0.0,0.0,0.0,0.0,0.0,0.0,0.0,0.0,0.0,0.0,0.0,0.0,0.0,0.0,0.0,0.0,0.0,0.0,0.0,0.0,0.0,0.0,0.0,0.0,0.0,0.0,0.0,0.0,0.0,0.0,0.0,0.0,0.0,0.0,0.0,0.0,0.0,0.0,0.0,0.0,0.0,0.0,0.0,0.0,0.0,0.0,0.0,0.0,0.0,0.0,0.0,0.0,0.0,0.0,0.0,0.0,0.0,0.0,0.0,0.0,0.0,0.0,0.0,0.0,0.0,0.0,0.0,0.0,0.0,0.0,0.0,0.0,0.0,0.0,0.0,0.0,0.0,0.0,0.0,0.0,0.0,0.0,0.0,0.0,0.0,0.0,0.0,0.0,0.0,0.0,
0.0,0.0,0.0,0.0,0.0,0.0,0.0,0.0,0.0,0.0,0.0,0.0,0.0,0.0,0.0,0.0,0.0,0.0,0.0,0.0,0.0,0.0,0.0,0.0,0.0,0.0,0.0,0.0,0.0,0.0,0.0,0.0,0.0,0.0,0.0,0.0,0.0,0.0,0.0,0.0,0.0,0.0,0.0,0.0,0.0,0.0,0.0,0.0,0.0,0.0,0.0,0.0,0.0,0.0,0.0,0.0,0.0,0.0,0.0,0.0,0.0,0.0,0.0,0.0,0.0,0.0,0.0,0.0,0.0,0.0,0.0,0.0,0.0,0.0,0.0,0.0,0.0,0.0,0.0,0.0,0.0,0.0,0.0,0.0,0.0,0.0,0.0,0.0,0.0,0.0,0.0,0.0,0.0,0.0,0.0,0.0,0.0,0.0,0.0,0.0,
0.0,0.0,0.0,0.0,0.0,0.0,0.0,0.0,0.0,0.0,0.0,0.0,0.0,0.0,0.0,0.0,0.0,0.0,0.0,0.0,0.0,0.0,0.0,0.0,0.0,0.0,0.0,0.0,0.0,0.0,0.0,0.0,0.0,0.0,0.0,0.0,0.0,0.0,0.0,0.0,0.0,0.0,0.0,0.0,0.0,0.0,0.0,0.0,0.0,0.0,0.0,0.0,0.0,0.0,0.0,0.0,0.0,0.0,0.0,0.0,0.0,0.0,0.0,0.0,0.0,0.0,0.0,0.0,0.0,0.0,0.0,0.0,0.0,0.0,0.0,0.0,0.0,0.0,0.0,0.0,0.0,0.0,0.0,0.0,0.0,0.0,0.0,0.0,0.0,0.0,0.0,0.0,0.0,0.0,0.0,0.0,0.0,0.0,0.0,0.0,
0.0,0.0,0.0,0.0,0.0,0.0,0.0,0.0,0.0,0.0,0.0,0.0,0.0,0.0,0.0,0.0,0.0,0.0,0.0,0.0,0.0,0.0,0.0,0.0,0.0,0.0,0.0,0.0,0.0,0.0,0.0,0.0,0.0,0.0,0.0,0.0,0.0,0.0,0.0,0.0,0.0,0.0,0.0,0.0,0.0,0.0,0.0,0.0,0.0,0.0,0.0,0.0,0.0,0.0,0.0,0.0,0.0,0.0,0.0,0.0,0.0,0.0,0.0,0.0,0.0,0.0,0.0,0.0,0.0,0.0,0.0,0.0,0.0,0.0,0.0,0.0,0.0,0.0,0.0,0.0,0.0,0.0,0.0,0.0,0.0,0.0,0.0,0.0,0.0,0.0,0.0,0.0,0.0,0.0,0.0,0.0,0.0,0.0,0.0,0.0,
0.0,0.0,0.0,0.0,0.0,0.0,0.0,0.0,0.0,0.0,0.0,0.0,0.0,0.0,0.0,0.0,0.0,0.0,0.0,0.0,0.0,0.0,0.0,0.0,0.0,0.0,0.0,0.0,0.0,0.0,0.0,0.0,0.0,0.0,0.0,0.0,0.0,0.0,0.0,0.0,0.0,0.0,0.0,0.0,0.0,0.0,0.0,0.0,0.0,0.0,0.0,0.0,0.0,0.0,0.0,0.0,0.0,0.0,0.0,0.0,0.0,0.0,0.0,0.0,0.0,0.0,0.0,0.0,0.0,0.0,0.0,0.0,0.0,0.0,0.0,0.0,0.0,0.0,0.0,0.0,0.0,0.0,0.0,0.0,0.0,0.0,0.0,0.0,0.0,0.0,0.0,0.0,0.0,0.0,0.0,0.0,0.0,0.0,0.0,0.0,
0.0,0.0,0.0,0.0,0.0,0.0,0.0,0.0,0.0,0.0,0.0,0.0,0.0,0.0,0.0,0.0,0.0,0.0,0.0,0.0,0.0,0.0,0.0,0.0,0.0,0.0,0.0,0.0,0.0,0.0,0.0,0.0,0.0,0.0,0.0,0.0,0.0,0.0,0.0,0.0,0.0,0.0,0.0,0.0,0.0,0.0,0.0,0.0,0.0,0.0,0.0,0.0,0.0,0.0,0.0,0.0,0.0,0.0,0.0,0.0,0.0,0.0,0.0,0.0,0.0,0.0,0.0,0.0,0.0,0.0,0.0,0.0,0.0,0.0,0.0,0.0,0.0,0.0,0.0,0.0,0.0,0.0,0.0,0.0,0.0,0.0,0.0,0.0,0.0,0.0,0.0,0.0,0.0,0.0,0.0,0.0,0.0,0.0,0.0,0.0,
0.0,0.0,0.0,0.0,0.0,0.0,0.0,0.0,0.0,0.0,0.0,0.0,0.0,0.0,0.0,0.0,0.0,0.0,0.0,0.0,0.0,0.0,0.0,0.0,0.0,0.0,0.0,0.0,0.0,0.0,0.0,0.0,0.0,0.0,0.0,0.0,0.0,0.0,0.0,0.0,0.0,0.0,0.0,0.0,0.0,0.0,0.0,0.0,0.0,0.0,0.0,0.0,0.0,0.0,0.0,0.0,0.0,0.0,0.0,0.0,0.0,0.0,0.0,0.0,0.0,0.0,0.0,0.0,0.0,0.0,0.0,0.0,0.0,0.0,0.0,0.0,0.0,0.0,0.0,0.0,0.0,0.0,0.0,0.0,0.0,0.0,0.0,0.0,0.0,0.0,0.0,0.0,0.0,0.0,0.0,0.0,0.0,0.0,0.0,0.0,
0.0,0.0,0.0,0.0,0.0,0.0,0.0,0.0,0.0,0.0,0.0,0.0,0.0,0.0,0.0,0.0,0.0,0.0,0.0,0.0,0.0,0.0,0.0,0.0,0.0,0.0,0.0,0.0,0.0,0.0,0.0,0.0,0.0,0.0,0.0,0.0,0.0,0.0,0.0,0.0,0.0,0.0,0.0,0.0,0.0,0.0,0.0,0.0,0.0,0.0,0.0,0.0,0.0,0.0,0.0,0.0,0.0,0.0,0.0,0.0,0.0,0.0,0.0,0.0,0.0,0.0,0.0,0.0,0.0,0.0,0.0,0.0,0.0,0.0,0.0,0.0,0.0,0.0,0.0,0.0,0.0,0.0,0.0,0.0,0.0,0.0,0.0,0.0,0.0,0.0,0.0,0.0,0.0,0.0,0.0,0.0,0.0,0.0,0.0,0.0,
0.0,0.0,0.0,0.0,0.0,0.0,0.0,0.0,0.0,0.0,0.0,0.0,0.0,0.0,0.0,0.0,0.0,0.0,0.0,0.0,0.0,0.0,0.0,0.0,0.0,0.0,0.0,0.0,0.0,0.0,0.0,0.0,0.0,0.0,0.0,0.0,0.0,0.0,0.0,0.0,0.0,0.0,0.0,0.0,0.0,0.0,0.0,0.0,0.0,0.0,0.0,0.0,0.0,0.0,0.0,0.0,0.0,0.0,0.0,0.0,0.0,0.0,0.0,0.0,0.0,0.0,0.0,0.0,0.0,0.0,0.0,0.0,0.0,0.0,0.0,0.0,0.0,0.0,0.0,0.0,0.0,0.0,0.0,0.0,0.0,0.0,0.0,0.0,0.0,0.0,0.0,0.0,0.0,0.0,0.0,0.0,0.0,0.0,0.0,0.0,
0.0,0.0,0.0,0.0,0.0,0.0,0.0,0.0,0.0,0.0,0.0,0.0,0.0,0.0,0.0,0.0,0.0,0.0,0.0,0.0,0.0,0.0,0.0,0.0,0.0,0.0,0.0,0.0,0.0,0.0,0.0,0.0,0.0,0.0,0.0,0.0,0.0,0.0,0.0,0.0,0.0,0.0,0.0,0.0,0.0,0.0,0.0,0.0,0.0,0.0,0.0,0.0,0.0,0.0,0.0,0.0,0.0,0.0,0.0,0.0,0.0,0.0,0.0,0.0,0.0,0.0,0.0,0.0,0.0,0.0,0.0,0.0,0.0,0.0,0.0,0.0,0.0,0.0,0.0,0.0,0.0,0.0,0.0,0.0,0.0,0.0,0.0,0.0,0.0,0.0,0.0,0.0,0.0,0.0,0.0,0.0,0.0,0.0,0.0,0.0,
0.0,0.0,0.0,0.0,0.0,0.0,0.0,0.0,0.0,0.0,0.0,0.0,0.0,0.0,0.0,0.0,0.0,0.0,0.0,0.0,0.0,0.0,0.0,0.0,0.0,0.0,0.0,0.0,0.0,0.0,0.0,0.0,0.0,0.0,0.0,0.0,0.0,0.0,0.0,0.0,0.0,0.0,0.0,0.0,0.0,0.0,0.0,0.0,0.0,0.0,0.0,0.0,0.0,0.0,0.0,0.0,0.0,0.0,0.0,0.0,0.0,0.0,0.0,0.0,0.0,0.0,0.0,0.0,0.0,0.0,0.0,0.0,0.0,0.0,0.0,0.0,0.0,0.0,0.0,0.0,0.0,0.0,0.0,0.0,0.0,0.0,0.0,0.0,0.0,0.0,0.0,0.0,0.0,0.0,0.0,0.0,0.0,0.0,0.0,0.0,
0.0,0.0,0.0,0.0,0.0,0.0,0.0,0.0,0.0,0.0,0.0,0.0,0.0,0.0,0.0,0.0,0.0,0.0,0.0,0.0,0.0,0.0,0.0,0.0,0.0,0.0,0.0,0.0,0.0,0.0,0.0,0.0,0.0,0.0,0.0,0.0,0.0,0.0,0.0,0.0,0.0,0.0,0.0,0.0,0.0,0.0,0.0,0.0,0.0,0.0,0.0,0.0,0.0,0.0,0.0,0.0,0.0,0.0,0.0,0.0,0.0,0.0,0.0,0.0,0.0,0.0,0.0,0.0,0.0,0.0,0.0,0.0,0.0,0.0,0.0,0.0,0.0,0.0,0.0,0.0,0.0,0.0,0.0,0.0,0.0,0.0,0.0,0.0,0.0,0.0,0.0,0.0,0.0,0.0,0.0,0.0,0.0,0.0,0.0,0.0,
0.0,0.0,0.0,0.0,0.0,0.0,0.0,0.0,0.0,0.0,0.0,0.0,0.0,0.0,0.0,0.0,0.0,0.0,0.0,0.0,0.0,0.0,0.0,0.0,0.0,0.0,0.0,0.0,0.0,0.0,0.0,0.0,0.0,0.0,0.0,0.0,0.0,0.0,0.0,0.0,0.0,0.0,0.0,0.0,0.0,0.0,0.0,0.0,0.0,0.0,0.0,0.0,0.0,0.0,0.0,0.0,0.0,0.0,0.0,0.0,0.0,0.0,0.0,0.0,0.0,0.0,0.0,0.0,0.0,0.0,0.0,0.0,0.0,0.0,0.0,0.0,0.0,0.0,0.0,0.0,0.0,0.0,0.0,0.0,0.0,0.0,0.0,0.0,0.0,0.0,0.0,0.0,0.0,0.0,0.0,0.0,0.0,0.0,0.0,0.0,
0.0,0.0,0.0,0.0,0.0,0.0,0.0,0.0,0.0,0.0,0.0,0.0,0.0,7.7311233795536145,8.27572655120705,7.4698207089055,7.670105766113629,7.5661130137013135,4.582480675683909,5.2609285010377,5.849606814628179,6.342131478246014,6.998710147834505,8.091687382582705,3.9889725324146053,8.175614909467054,5.7574890066620705,5.302785369625907,4.5622962828233815,4.781010058801406,6.394297490991001,6.627430326303686,6.3504494337320825,5.66101092443119,7.3154019461722255,6.413017317258355,6.530979170622832,8.818571470088163,5.479729801864293,4.755203248006193,5.278725037522135,6.030023950304681,5.548418709920959,5.3716693175903405,11.19490253724548,7.2466613409326985,8.600661065934645,14.145513044755486,11.28903828673664,13.684455392805635,12.12498592280766,13.52830122835598,12.51158840154508,12.08452046113706,11.181451017790259,9.615118810235614,11.737315900343827,7.153207337843238,8.8594612633446,8.242084825116985,8.099948135404881,7.4243716550936,5.973568766431686,6.4293374914646,6.576608168609219,8.892016787273132,11.047096657187446,9.143957941087429,8.462290973572259,12.312565831246822,12.166284759958039,12.058883253729185,9.051277846877479,10.400684300782173,11.253451788736516,9.876770185497582,10.877760281261992,8.07425330947995,6.904594976928618,6.326750154525222,6.4248549620186495,8.519986099388278,9.527982239663647,11.525990814506228,13.377895179789327,16.447896363088606,14.526982623233016,11.314422770228346,0.0,0.0,0.0,0.0,0.0,0.0,0.0,0.0,0.0,0.0,0.0,0.0,
0.0,0.0,0.0,0.0,0.0,0.0,0.0,0.0,0.0,0.0,0.0,0.0,0.0,6.421005698685164,5.1204100132241885,6.134980430048572,4.937528822930721,4.158002653447822,4.598222614429626,4.520876111218963,8.004218858361906,5.896649153831897,7.973631214820716,7.4727896893608925,3.794920385163777,7.619985310018659,4.913825455585353,3.9971581613471283,5.071584309458192,7.598367871448267,6.143229588530461,9.92491935503033,6.645806174795223,9.365056947217242,8.358364639199197,4.580121644536252,4.3485940318339695,5.883957542868449,5.393990012815551,9.328713376285899,7.046636507926654,3.609945464950654,7.150775503958647,10.296980224304551,10.068570650470136,7.605788584941402,12.398945121493961,17.565381525399793,12.448253213684927,17.626704772612662,11.085598281385755,10.913206854597032,8.702671713415777,15.43087847138348,10.69433091599748,11.322629917982402,13.074930349371426,9.370175832831734,8.908737772365638,8.291413581534165,8.466473867277143,9.10460638253871,10.499392159017331,10.457735452334576,10.743145138466094,9.249642558239096,8.500785608560065,11.210127528009004,10.426863450635604,10.422080582948677,8.486607013085207,10.271524261766244,11.686870493686435,8.904607546244861,6.754106809049471,8.437558122602443,10.953254309003373,10.725155058469937,8.114101480544006,8.439512470797323,11.05769579560135,11.47801900529248,13.10712227614635,17.58729527206704,15.957106164970906,13.45922548029176,14.796476340816422,18.659463301033355,0.0,0.0,0.0,0.0,0.0,0.0,0.0,0.0,0.0,0.0,0.0,0.0,
0.0,0.0,0.0,0.0,0.0,0.0,0.0,0.0,0.0,0.0,0.0,0.0,0.0,2.6924700505630104,2.294151739833562,5.8443890517538515,6.28381355778774,7.104683270901936,7.17707126609567,6.498386311789079,6.257715565778862,6.922759490951944,4.859913335128599,6.526112206468133,8.276527700525353,3.3917360041054154,4.321739618790626,5.15056905778095,8.532836418470344,6.821339919355855,9.391852375506117,10.013585700728495,7.072670440253412,7.400924367185892,7.186301513020288,6.412370817348568,6.85112208378703,6.277970377303247,5.231682802601074,7.389158563818734,3.0870451800247167,3.8936865100335916,5.482727690136169,12.485516980015841,5.354735669036504,10.184120189502442,16.035507704323837,10.759799708713093,13.552500183728473,11.086145300370415,10.457689204075459,8.934665057881677,15.391331640298123,14.67532552747104,16.940153889299594,16.968763903671068,11.402766248315872,10.034581040646547,7.817376125518137,7.358664628535104,8.909442439677973,9.319305201411119,6.017131219192382,10.064908995923057,12.042218265744129,11.664561762848132,6.741732495472357,13.749848194978135,9.442453516037345,10.255750281286138,8.533852696890618,10.077477574396232,13.678334434184757,12.483178777715851,6.893023491387766,8.908162483300364,11.554808550231794,12.765917451236216,10.125582936644642,9.787730597729178,12.733061218961966,8.13320430600808,9.755353757190237,12.848577447157886,16.473774409157276,11.548271812149691,15.687572903569867,14.587143280421179,0.0,0.0,0.0,0.0,0.0,0.0,0.0,0.0,0.0,0.0,0.0,0.0,
0.0,0.0,0.0,0.0,0.0,0.0,0.0,0.0,0.0,0.0,0.0,0.0,0.0,2.6331891985896263,6.950347455332041,7.319702203180395,2.9100177475497615,4.266862336098349,4.831781505353628,4.230090500947595,5.188778785402167,7.615870301090465,5.488094408732831,8.606900941895029,7.267738848019473,7.058424317940354,9.552257163067322,5.344299156944167,8.198924616961756,8.290431961123318,8.063728728996807,8.73039226090165,8.984122186058281,8.187156165203275,10.679805671457768,9.168703071017926,11.396524175395403,6.141430540550041,5.588941784128062,4.996357165657623,5.680331387673692,4.307600813922673,8.061963876349846,10.053335634147182,10.61357946047615,11.960391550828872,14.967888038698497,12.148647146446837,15.453825230355495,14.8674428540129,15.466214544985958,8.22410670045811,20.057771013352323,12.61807120669998,12.323798165567661,15.396973690258172,14.87916823174282,12.382652411590632,10.503983743351178,9.583084987296512,8.708124257209066,8.014127817828333,8.707211589218959,11.004071835736145,10.748123815391065,16.35126288780183,9.025468531076266,9.813654159742429,8.203385217548492,12.57802626524264,8.05162421505433,14.03533416297774,12.704989383282092,12.22297144504911,11.406847920056629,12.937586548859901,12.142307571393388,8.511660200497918,13.727992456611076,11.571977240670813,14.617497829263268,14.693632756993887,13.565396592580045,10.32509012473018,19.640341874614236,15.23794602031142,16.49202351521253,12.46739797274967,0.0,0.0,0.0,0.0,0.0,0.0,0.0,0.0,0.0,0.0,0.0,0.0,
0.0,0.0,0.0,0.0,0.0,0.0,0.0,0.0,0.0,0.0,0.0,0.0,0.0,3.0168816879247684,2.5697562459746206,6.169792429906291,5.700139283916889,4.9858037208902335,6.317340442543478,6.8968281463812975,6.480514487716348,7.581539685837206,5.445061849081,7.050939677771883,6.412262940340934,6.681269857736949,6.117188191854562,3.925037094814789,3.5126865448349234,3.7406050773223267,4.918791794374264,5.73179557357424,5.043343421210211,7.4816828599821585,11.258325624899213,12.00431169484176,11.957577508311383,8.040318540192324,7.49446029574894,6.339405829269926,4.958943152093775,5.0374689823759295,10.697291256366595,8.466220646243563,9.806154075540082,8.482160665891893,14.774398593771494,10.537450352539429,16.453117936663617,17.916189835779917,15.39507070483755,18.2945163103659,14.2444876029796,11.347456749892492,16.48759297769714,16.41662948390233,11.53761134368309,6.4399637646986205,7.925758043924577,11.209375706024446,6.350623156602672,8.280862351902702,8.30383911127354,9.920085996040688,10.625746593973105,12.190898441615621,7.283588875022961,9.662095569719886,11.90543035987027,11.571192528772269,6.500487412380021,13.25806331381117,14.102985121738026,14.163301638522992,10.415901946076552,12.029530076480224,12.84942461368372,6.088668189557166,12.833802502115116,7.6121524589635134,15.37622447322766,16.46346072711084,17.665151407551324,11.848957004377064,12.468818747436757,13.29972741680233,13.490326904787304,12.971032017274654,0.0,0.0,0.0,0.0,0.0,0.0,0.0,0.0,0.0,0.0,0.0,0.0,
0.0,0.0,0.0,0.0,0.0,0.0,0.0,0.0,0.0,0.0,0.0,0.0,0.0,5.458830183235966,6.052212720469409,6.080078759779543,6.670820282120137,2.5081767504914176,4.407311125940031,6.672110449730662,4.594557605661799,4.023142091545221,3.5162993061650325,6.7518450149999225,7.1120251505811,3.2722171250997945,3.1491098949953797,3.6956145985830133,9.664541762026698,9.015685656331023,4.526128606414058,12.55127432936964,7.806693091140425,9.172634792270577,10.299422737859578,17.273873150024848,10.517966819083052,13.330769670891248,8.407778824229313,7.381898559714697,6.596023602415969,5.592318294528028,5.217714228026766,10.918315299961263,10.659842367374644,8.544985522643067,12.3380360067713,9.299605770541763,11.967718428621517,18.494855104154247,14.614089521670165,15.698892826566784,12.610628009726511,11.823648354453566,10.825742058318063,13.682973965704372,9.518435055850537,9.14515613014526,7.811135714930142,6.4729548998232715,4.8013108580805115,5.8277192949688805,6.511676771171361,9.149226071950176,12.052757361602993,5.796833547245586,7.400466145804536,9.04787644951279,9.920056645477654,12.431013535525384,5.96279406964927,9.115697274388705,15.573858701995967,13.021749219584834,13.458818206083764,9.232394235225012,8.672660476431854,8.01639652548833,7.5854275505304605,9.477084665365203,8.853888401660742,17.507580767153534,13.553879596042664,19.028841834642783,15.09453335981733,10.83793488828867,16.723672103303272,15.162330687087561,0.0,0.0,0.0,0.0,0.0,0.0,0.0,0.0,0.0,0.0,0.0,0.0,
0.0,0.0,0.0,0.0,0.0,0.0,0.0,0.0,0.0,0.0,0.0,0.0,0.0,2.149475560356351,2.5638333983755963,3.8935694136664942,7.5519637490551315,6.697422557096339,6.72964612422483,7.882548965638674,5.522778860051523,5.355223007608171,5.082580200160458,3.179056256155791,6.979062241115616,4.70731537388272,3.3073252776289706,4.214850726226579,7.374775949977854,7.398625315146133,7.6169023570371905,11.01948056189324,12.289051849632779,12.196743191955745,10.037196188560385,16.980950194852742,10.008784029524454,15.407155232637951,15.595844569299835,8.932199870282393,7.476559102662775,9.328073526772773,9.66051565510416,13.923152961904428,13.230632351993798,13.574765611741094,12.664236266817298,9.724156737546698,9.709826500116778,15.570889225716247,13.106925994320257,13.869358862648594,13.934923287432238,14.835213428701838,7.299713667018207,13.228592613696765,9.383607607030811,9.804219476157947,11.891868474838414,10.839332436898413,6.604418283296885,7.1026353914684695,6.209676255597725,7.329638325399809,10.544296913389015,10.542463060308807,7.663993762762484,7.182698149830113,10.154646596670048,11.629587275059503,9.206989070789922,12.262196227089625,14.229163940204533,22.01603836091981,16.07406608790914,11.203817249582666,13.377429201414717,13.750523557054304,16.331206943501535,7.715903757535961,9.607823453555023,18.629718179542845,15.209520037973258,18.842148947624278,16.995154451069965,19.21141992286703,17.660021685220432,23.546743852848966,0.0,0.0,0.0,0.0,0.0,0.0,0.0,0.0,0.0,0.0,0.0,0.0,
0.0,0.0,0.0,0.0,0.0,0.0,0.0,0.0,0.0,0.0,0.0,0.0,0.0,2.8198605487697708,3.652090530932961,6.787762401758457,10.527244651602631,8.179159709043368,7.314808776131544,7.190086184792606,7.785528121114631,6.6988881088911265,5.360400411136788,4.698892879351023,6.702795595116426,6.814539495621373,6.6328499311062785,5.862294562739372,9.482823860506134,9.558944282665028,9.695555202139623,10.515059361577865,11.28058930113843,12.680693879665696,12.31893279100728,15.091460879763435,14.29341437830085,14.475553313428088,12.785486222096036,10.143786289084884,8.15497705194318,10.949814442162651,6.873008087195957,7.191335580059869,10.611900688228703,9.33878331644745,9.129854019906862,10.859350189082258,8.754149418542374,5.5160037317980155,12.210791642121018,10.684803346608888,10.278770780067644,8.15441464668526,6.99843030956286,11.234549032780368,12.75472971865177,11.764850685946008,7.725469347535445,9.518543452498013,6.330809632874071,5.92979895941755,7.694481863919471,7.237031359445157,7.39364592000844,9.790080140255345,8.720507293437409,7.38360316639477,7.202963147825308,4.53476839995671,8.642630977114546,18.561969028446143,18.957418087906557,20.04011827213197,18.027364805851757,10.443943969061646,17.678486901756884,12.765339440417995,10.466959401802697,6.522887221927205,10.425913494596179,17.633005436635862,14.165905751907601,16.195268089568074,13.720147484857995,15.753164997517905,14.497006911433326,18.166075740240675,0.0,0.0,0.0,0.0,0.0,0.0,0.0,0.0,0.0,0.0,0.0,0.0,
0.0,0.0,0.0,0.0,0.0,0.0,0.0,0.0,0.0,0.0,0.0,0.0,0.0,8.964055674953997,8.462314595645243,8.347511611984912,12.241769329838371,10.299524767188002,6.637793965369651,7.005902214638753,5.847722810729231,5.065392117552082,7.885178089975134,8.174921625204853,5.0942154288775265,8.770675162051809,4.356070651111001,5.27919401548548,6.55806709530358,7.075910138333506,9.6682690611482,10.907414447090403,9.898571016276904,9.246352432250179,11.12043340682513,16.683425369131974,17.24096976075205,9.276371007474724,9.113770178495107,9.50810975782748,8.80305455209757,11.39214641964921,8.216203119800321,10.083764039931394,10.731737231465267,10.420906332198276,10.377392151925097,8.918544389621129,7.321664419093329,7.188289165901719,9.925811684610593,9.557520719506494,8.791282970176095,9.331404391782025,9.042809200742969,5.741889275326934,8.017812471924996,11.106305632641362,10.099535125583666,10.437631409171452,6.985168790190735,7.659132606096911,8.651129464804471,4.913944085848075,7.763854866979631,8.175066162701015,9.638636688130132,6.6609129406772185,5.435209345600122,5.921831928266535,5.984958450071277,16.071842163038717,13.387130960543262,15.242203042867153,13.929775454736166,14.560466214859092,14.771890583463698,13.238342906752328,15.282175158917525,8.548595507443196,14.394280107874197,15.372682862814862,12.990509599043811,14.673439152682453,12.840014004883928,14.629152496352507,25.986436515301335,16.959261969951793,0.0,0.0,0.0,0.0,0.0,0.0,0.0,0.0,0.0,0.0,0.0,0.0,
0.0,0.0,0.0,0.0,0.0,0.0,0.0,0.0,0.0,0.0,0.0,0.0,0.0,4.350532187866896,6.567459151609264,8.823484720060755,13.122337813831216,10.970631772259473,7.875912079253701,9.524834628005562,6.573349397280963,9.301986651038066,8.844350172951742,8.70943224961632,6.366743895265282,9.756119106025096,4.782636409094908,8.876115890506902,4.7181050345557916,8.917493947701445,9.855292773121061,7.207188448665147,9.03430658157198,14.418518814700676,8.630691065635057,17.427019420069648,15.4114278774099,9.950680090407474,8.120755739739653,8.306919912438092,11.309055270952843,9.113602762982575,8.37797898059107,11.486417388575905,11.392943869676728,10.07243135153539,9.413138950064848,8.30312206241729,6.429734024405167,8.211968253688115,7.323014979224731,7.099788028281618,7.1123831934872,7.562805172309516,10.296615235423962,8.706402655842435,6.7469131534115885,11.080689714702885,8.272651320413686,10.572118323664277,11.129505807374787,8.133582542488316,5.719421788355833,4.841502139603451,4.32987358692026,3.7404741094363154,5.004703442822716,6.070949508227509,6.810028944132875,7.348519592509872,10.06536268966809,10.10257913885552,16.203229441228217,15.722902820767608,19.123475469368767,18.386066313308774,12.351606893211859,9.959062447868636,6.388914398379996,7.285597225424558,6.937224247108687,12.847175413202923,12.59216428504009,13.11669656959596,11.713303877684691,9.471100816357055,16.562703418310015,12.538012766786913,0.0,0.0,0.0,0.0,0.0,0.0,0.0,0.0,0.0,0.0,0.0,0.0,
0.0,0.0,0.0,0.0,0.0,0.0,0.0,0.0,0.0,0.0,0.0,0.0,0.0,3.5047582128612764,5.7881298099739835,7.761206543586456,8.240719923632529,7.378525059620984,7.710430902195081,10.24740488913744,9.389117748589644,10.078909261190105,8.757071531340259,10.370197255150366,5.035434297428912,9.229161585128333,5.007554045649115,8.71224360753125,7.604020369803776,9.487480372195717,7.378354696259187,7.771044609161579,8.398691304042888,13.543595524244596,9.639698022559605,12.87923263397173,12.589872942395886,9.937724424954098,0.0,0.0,0.0,0.0,0.0,0.0,0.0,0.0,0.0,0.0,0.0,0.0,0.0,0.0,0.0,0.0,0.0,0.0,0.0,0.0,0.0,0.0,0.0,0.0,0.0,0.0,0.0,0.0,0.0,0.0,0.0,0.0,0.0,0.0,0.0,0.0,0.0,0.0,0.0,0.0,0.0,0.0,0.0,0.0,0.0,0.0,0.0,0.0,0.0,0.0,0.0,0.0,0.0,0.0,0.0,0.0,0.0,0.0,0.0,0.0,0.0,0.0,
0.0,0.0,0.0,0.0,0.0,0.0,0.0,0.0,0.0,0.0,0.0,0.0,0.0,6.80359105695061,6.891806144125894,7.726793165358684,8.193504367444032,6.881187522877326,7.879884829492116,7.118370841335969,6.0345255570507605,6.257109166696697,6.457557446647677,8.137931384472134,7.817435128552407,10.938786520012322,6.862623620343965,5.138928628063871,3.1656225305350443,3.289061081959788,7.478510124116301,11.262654671405672,8.877049619253063,12.248447576189061,12.843114093124887,10.64679398771972,11.920960159001007,9.996977655493627,0.0,0.0,0.0,0.0,0.0,0.0,0.0,0.0,0.0,0.0,0.0,0.0,0.0,0.0,0.0,0.0,0.0,0.0,0.0,0.0,0.0,0.0,0.0,0.0,0.0,0.0,0.0,0.0,0.0,0.0,0.0,0.0,0.0,0.0,0.0,0.0,0.0,0.0,0.0,0.0,0.0,0.0,0.0,0.0,0.0,0.0,0.0,0.0,0.0,0.0,0.0,0.0,0.0,0.0,0.0,0.0,0.0,0.0,0.0,0.0,0.0,0.0,
0.0,0.0,0.0,0.0,0.0,0.0,0.0,0.0,0.0,0.0,0.0,0.0,0.0,3.7455983131106305,3.458892360559556,3.538646189077053,4.589593068369217,8.604707679614366,9.402800336124926,9.277754879009104,11.451599185768034,7.572477918997562,6.646744089628301,8.316537404413737,8.06029257750548,10.82956965203999,11.4702201244894,4.317537865375375,8.839689068319078,7.473705990585979,8.688792828976368,10.706240187120832,8.51930244294048,11.90090377834833,11.230944134657852,11.292801118374271,12.259323867868495,10.930375298073248,0.0,0.0,0.0,0.0,0.0,0.0,0.0,0.0,0.0,0.0,0.0,0.0,0.0,0.0,0.0,0.0,0.0,0.0,0.0,0.0,0.0,0.0,0.0,0.0,0.0,0.0,0.0,0.0,0.0,0.0,0.0,0.0,0.0,0.0,0.0,0.0,0.0,0.0,0.0,0.0,0.0,0.0,0.0,0.0,0.0,0.0,0.0,0.0,0.0,0.0,0.0,0.0,0.0,0.0,0.0,0.0,0.0,0.0,0.0,0.0,0.0,0.0,
0.0,0.0,0.0,0.0,0.0,0.0,0.0,0.0,0.0,0.0,0.0,0.0,0.0,2.0554623788789215,3.0801198183143357,4.162214896847924,4.408204148507496,3.9886957930730618,4.638470894173343,5.136250666534866,6.119111468247584,6.501434066399999,5.965547317551503,4.7985050046391535,8.105738745051019,8.27779365747757,8.17166086907411,2.553206392238649,4.706408429778427,6.4272730749818106,8.135809286613108,5.394827331406968,6.514026813162006,10.926352607181512,13.009684254168864,5.54902890518579,5.761356511911494,13.920353467567484,0.0,0.0,0.0,0.0,0.0,0.0,0.0,0.0,0.0,0.0,0.0,0.0,0.0,0.0,0.0,0.0,0.0,0.0,0.0,0.0,0.0,0.0,0.0,0.0,0.0,0.0,0.0,0.0,0.0,0.0,0.0,0.0,0.0,0.0,0.0,0.0,0.0,0.0,0.0,0.0,0.0,0.0,0.0,0.0,0.0,0.0,0.0,0.0,0.0,0.0,0.0,0.0,0.0,0.0,0.0,0.0,0.0,0.0,0.0,0.0,0.0,0.0,
0.0,0.0,0.0,0.0,0.0,0.0,0.0,0.0,0.0,0.0,0.0,0.0,0.0,3.3655749868606715,1.6699848336627217,3.6018699930426745,3.9379953417040863,3.639675105338549,4.765705809859819,6.123683197126046,6.323773134170139,10.473381727967249,7.71727540167223,2.975731060944509,2.973601651094372,2.901433615475818,6.302146545014274,7.247721912667925,10.088440790026727,6.666985439004701,6.855552506320995,7.3728020862233175,6.696792958726439,6.473194157008654,8.187638545387038,6.5483834794975495,6.183270558449532,7.260859263966597,0.0,0.0,0.0,0.0,0.0,0.0,0.0,0.0,0.0,0.0,0.0,0.0,0.0,0.0,0.0,0.0,0.0,0.0,0.0,0.0,0.0,0.0,0.0,0.0,0.0,0.0,0.0,0.0,0.0,0.0,0.0,0.0,0.0,0.0,0.0,0.0,0.0,0.0,0.0,0.0,0.0,0.0,0.0,0.0,0.0,0.0,0.0,0.0,0.0,0.0,0.0,0.0,0.0,0.0,0.0,0.0,0.0,0.0,0.0,0.0,0.0,0.0,
0.0,0.0,0.0,0.0,0.0,0.0,0.0,0.0,0.0,0.0,0.0,0.0,0.0,2.5782231527535884,1.9503228562189074,3.7931993100878834,5.702451301623694,2.1253916636378705,3.8993935160268367,6.708998720567513,6.435433525932729,7.083722109024077,5.717824409176347,3.1390169614831644,4.221260438963465,3.379134762794057,9.437100710021856,2.9118592443483307,4.09124699903427,5.204581646209481,5.399119543329435,6.953493933166127,5.486624628941109,7.598750053058357,6.897037076086161,5.3795289820001235,5.968882339868125,8.32610028927317,0.0,0.0,0.0,0.0,0.0,0.0,0.0,0.0,0.0,0.0,0.0,0.0,0.0,0.0,0.0,0.0,0.0,0.0,0.0,0.0,0.0,0.0,0.0,0.0,0.0,0.0,0.0,0.0,0.0,0.0,0.0,0.0,0.0,0.0,0.0,0.0,0.0,0.0,0.0,0.0,0.0,0.0,0.0,0.0,0.0,0.0,0.0,0.0,0.0,0.0,0.0,0.0,0.0,0.0,0.0,0.0,0.0,0.0,0.0,0.0,0.0,0.0,
0.0,0.0,0.0,0.0,0.0,0.0,0.0,0.0,0.0,0.0,0.0,0.0,0.0,1.3651415942372847,1.8039815380211266,3.5324571926733515,6.753309917895588,2.750481745516465,3.149775079988521,4.111874684826567,3.7228310873099004,6.8556208953959885,5.493864633960189,2.2029464666896286,3.3919717489918253,8.480558593066062,7.812750371976433,3.019932328271251,4.6446239816211925,5.1387652460777655,5.991279976894722,7.0398171107244245,7.037460612099282,6.809686921067762,3.9859872454529293,4.495512937834588,7.008350379709594,7.000771878806864,0.0,0.0,0.0,0.0,0.0,0.0,0.0,0.0,0.0,0.0,0.0,0.0,0.0,0.0,0.0,0.0,0.0,0.0,0.0,0.0,0.0,0.0,0.0,0.0,0.0,0.0,0.0,0.0,0.0,0.0,0.0,0.0,0.0,0.0,0.0,0.0,0.0,0.0,0.0,0.0,0.0,0.0,0.0,0.0,0.0,0.0,0.0,0.0,0.0,0.0,0.0,0.0,0.0,0.0,0.0,0.0,0.0,0.0,0.0,0.0,0.0,0.0,
0.0,0.0,0.0,0.0,0.0,0.0,0.0,0.0,0.0,0.0,0.0,0.0,0.0,1.8391733838384594,1.59439084116073,8.690198485429011,7.9144939071711695,7.316251077329694,6.280179634876227,3.9881142037865365,1.9626865757210483,3.788048985115096,3.0054668851191146,3.047520485418325,4.943656314327521,5.470898603530969,8.33848958491615,5.017112179170007,5.375244735565307,7.43142008123219,4.757031000059956,4.665372847883523,4.741054552868666,3.2571106738660087,4.4772337082582885,5.1244869033149065,4.727373261463265,5.005327069220409,0.0,0.0,0.0,0.0,0.0,0.0,0.0,0.0,0.0,0.0,0.0,0.0,0.0,0.0,0.0,0.0,0.0,0.0,0.0,0.0,0.0,0.0,0.0,0.0,0.0,0.0,0.0,0.0,0.0,0.0,0.0,0.0,0.0,0.0,0.0,0.0,0.0,0.0,0.0,0.0,0.0,0.0,0.0,0.0,0.0,0.0,0.0,0.0,0.0,0.0,0.0,0.0,0.0,0.0,0.0,0.0,0.0,0.0,0.0,0.0,0.0,0.0,
0.0,0.0,0.0,0.0,0.0,0.0,0.0,0.0,0.0,0.0,0.0,0.0,0.0,4.775143805128448,5.702807930692741,7.445605648641447,7.7907351110302505,8.27074098771655,4.184809201180462,3.5939263198454907,3.2492155424227436,3.164364613750196,3.7464576876131126,6.287409895411611,12.314213607594656,4.660580326264468,9.107175287522992,8.3058206315729,9.159132477153705,7.8227042989332505,6.909576156065209,8.182137021550883,7.519912156186229,5.659880506442964,6.329632319277009,4.60984251121829,6.285879300259613,6.5440074707023275,0.0,0.0,0.0,0.0,0.0,0.0,0.0,0.0,0.0,0.0,0.0,0.0,0.0,0.0,0.0,0.0,0.0,0.0,0.0,0.0,0.0,0.0,0.0,0.0,0.0,0.0,0.0,0.0,0.0,0.0,0.0,0.0,0.0,0.0,0.0,0.0,0.0,0.0,0.0,0.0,0.0,0.0,0.0,0.0,0.0,0.0,0.0,0.0,0.0,0.0,0.0,0.0,0.0,0.0,0.0,0.0,0.0,0.0,0.0,0.0,0.0,0.0,
0.0,0.0,0.0,0.0,0.0,0.0,0.0,0.0,0.0,0.0,0.0,0.0,0.0,5.242082706224487,8.010679849517874,5.773807090398863,5.269035921183784,7.878819221578959,7.790900766717652,8.004642927685435,4.121303273203367,7.6358031885849496,6.891094748833844,6.824351763258679,7.134347680941455,7.793890387500226,8.227649712163204,7.93945956864855,11.308752578352923,8.414900687935795,8.32870552877509,7.612171310894953,9.59380425208352,5.260963105993774,6.270488556409687,7.542951720498469,4.943511991268398,6.302238443232539,0.0,0.0,0.0,0.0,0.0,0.0,0.0,0.0,0.0,0.0,0.0,0.0,0.0,0.0,0.0,0.0,0.0,0.0,0.0,0.0,0.0,0.0,0.0,0.0,0.0,0.0,0.0,0.0,0.0,0.0,0.0,0.0,0.0,0.0,0.0,0.0,0.0,0.0,0.0,0.0,0.0,0.0,0.0,0.0,0.0,0.0,0.0,0.0,0.0,0.0,0.0,0.0,0.0,0.0,0.0,0.0,0.0,0.0,0.0,0.0,0.0,0.0,
0.0,0.0,0.0,0.0,0.0,0.0,0.0,0.0,0.0,0.0,0.0,0.0,0.0,5.238377137360985,4.102781661543056,7.710167674154644,7.069913381435886,8.470045841248538,7.199971508700432,8.648858816926916,5.844502131193343,7.317263449068132,7.988979859085705,5.22561200434847,7.880952773568961,10.22432128277662,4.9970159915978485,6.4711337266134255,6.334039801487993,5.063135267943948,7.25660857599414,6.465440783300589,9.958083216125752,5.311296449202833,5.9735277908101985,8.285134712995836,3.655210864156057,5.201703116382151,0.0,0.0,0.0,0.0,0.0,0.0,0.0,0.0,0.0,0.0,0.0,0.0,0.0,0.0,0.0,0.0,0.0,0.0,0.0,0.0,0.0,0.0,0.0,0.0,0.0,0.0,0.0,0.0,0.0,0.0,0.0,0.0,0.0,0.0,0.0,0.0,0.0,0.0,0.0,0.0,0.0,0.0,0.0,0.0,0.0,0.0,0.0,0.0,0.0,0.0,0.0,0.0,0.0,0.0,0.0,0.0,0.0,0.0,0.0,0.0,0.0,0.0,
0.0,0.0,0.0,0.0,0.0,0.0,0.0,0.0,0.0,0.0,0.0,0.0,0.0,4.935939507741594,5.123336613505753,3.8372116160120386,4.621726498737414,4.820335297796117,8.5428132558991,5.235989364030678,5.473568871244855,7.51151540761212,4.740548577179981,4.769594409178594,8.832433440829533,9.863689077498266,5.045970206243881,7.126441414084503,8.497613822246572,14.120898379438202,7.88702848929972,7.644553831285532,5.812739176768248,5.598834502171081,6.531306880263758,4.807079292711056,6.381942270346766,6.281092139237803,0.0,0.0,0.0,0.0,0.0,0.0,0.0,0.0,0.0,0.0,0.0,0.0,0.0,0.0,0.0,0.0,0.0,0.0,0.0,0.0,0.0,0.0,0.0,0.0,0.0,0.0,0.0,0.0,0.0,0.0,0.0,0.0,0.0,0.0,0.0,0.0,0.0,0.0,0.0,0.0,0.0,0.0,0.0,0.0,0.0,0.0,0.0,0.0,0.0,0.0,0.0,0.0,0.0,0.0,0.0,0.0,0.0,0.0,0.0,0.0,0.0,0.0,
0.0,0.0,0.0,0.0,0.0,0.0,0.0,0.0,0.0,0.0,0.0,0.0,0.0,2.5073001732286904,4.236631903310574,4.863519708752183,10.805023212223094,10.210135453427858,8.219686497516442,5.292540819088441,5.387897414045396,10.173646158017789,11.333823561226836,4.444117655711312,9.083387195172923,10.088958597472406,5.328111889512398,6.26531610693234,9.074304985875882,8.613721632275613,10.095853922842007,9.635109990572573,9.651306802245454,8.423474211998034,3.252971480776506,3.2573960677276412,5.892913455289493,5.588986855662998,0.0,0.0,0.0,0.0,0.0,0.0,0.0,0.0,0.0,0.0,0.0,0.0,0.0,0.0,0.0,0.0,0.0,0.0,0.0,0.0,0.0,0.0,0.0,0.0,0.0,0.0,0.0,0.0,0.0,0.0,0.0,0.0,0.0,0.0,0.0,0.0,0.0,0.0,0.0,0.0,0.0,0.0,0.0,0.0,0.0,0.0,0.0,0.0,0.0,0.0,0.0,0.0,0.0,0.0,0.0,0.0,0.0,0.0,0.0,0.0,0.0,0.0,
0.0,0.0,0.0,0.0,0.0,0.0,0.0,0.0,0.0,0.0,0.0,0.0,0.0,2.607635879126653,4.134133416804185,8.67382949477823,8.396469975669872,7.018670188190944,7.463115786981521,5.862150399447563,5.663475836239929,11.642423487531088,13.16193976627132,9.346383090454774,10.03409777721638,8.080374956409571,5.340842660306602,4.590353322682275,8.127580038284108,8.185363097432885,7.8500465745771555,3.982404897268557,9.184770291757342,3.418932415325893,4.885078973402159,5.5476424587832165,4.496289970964108,3.533805931169304,0.0,0.0,0.0,0.0,0.0,0.0,0.0,0.0,0.0,0.0,0.0,0.0,0.0,0.0,0.0,0.0,0.0,0.0,0.0,0.0,0.0,0.0,0.0,0.0,0.0,0.0,0.0,0.0,0.0,0.0,0.0,0.0,0.0,0.0,0.0,0.0,0.0,0.0,0.0,0.0,0.0,0.0,0.0,0.0,0.0,0.0,0.0,0.0,0.0,0.0,0.0,0.0,0.0,0.0,0.0,0.0,0.0,0.0,0.0,0.0,0.0,0.0,
0.0,0.0,0.0,0.0,0.0,0.0,0.0,0.0,0.0,0.0,0.0,0.0,0.0,5.057943956146032,5.036857841237371,7.38824223910111,8.597070817869758,8.903790298581006,7.461025612464702,6.972861608670567,10.697255616610455,10.840869057575254,12.221022520037504,11.029761489067361,15.045158573122979,12.269397983992736,5.034954409307201,3.9366175114179027,2.342283525406405,8.58031308855817,7.709052363900019,9.678994056045392,8.610748099800217,3.932898799544146,4.057042254239408,3.8817449316186545,4.254279782021656,3.4457359695879783,0.0,0.0,0.0,0.0,0.0,0.0,0.0,0.0,0.0,0.0,0.0,0.0,0.0,0.0,0.0,0.0,0.0,0.0,0.0,0.0,0.0,0.0,0.0,0.0,0.0,0.0,0.0,0.0,0.0,0.0,0.0,0.0,0.0,0.0,0.0,0.0,0.0,0.0,0.0,0.0,0.0,0.0,0.0,0.0,0.0,0.0,0.0,0.0,0.0,0.0,0.0,0.0,0.0,0.0,0.0,0.0,0.0,0.0,0.0,0.0,0.0,0.0,
0.0,0.0,0.0,0.0,0.0,0.0,0.0,0.0,0.0,0.0,0.0,0.0,0.0,5.7368990024720565,7.345716495622286,10.384251998375461,10.442141165389675,8.251185572826634,11.967435926594579,8.110823109541618,9.181037246789009,10.025967211094004,17.03833690807126,10.06708171883883,9.894069143742675,11.107383256721828,9.637622571750848,3.567908690698676,2.9001580288252633,3.4308061486508037,8.371645518519433,5.736161241835248,7.995338965167425,6.911781026912642,4.739401612482518,3.962968888831235,4.2000615523118086,2.6758103515963785,0.0,0.0,0.0,0.0,0.0,0.0,0.0,0.0,0.0,0.0,0.0,0.0,0.0,0.0,0.0,0.0,0.0,0.0,0.0,0.0,0.0,0.0,0.0,0.0,0.0,0.0,0.0,0.0,0.0,0.0,0.0,0.0,0.0,0.0,0.0,0.0,0.0,0.0,0.0,0.0,0.0,0.0,0.0,0.0,0.0,0.0,0.0,0.0,0.0,0.0,0.0,0.0,0.0,0.0,0.0,0.0,0.0,0.0,0.0,0.0,0.0,0.0,
0.0,0.0,0.0,0.0,0.0,0.0,0.0,0.0,0.0,0.0,0.0,0.0,0.0,6.154065779059629,9.582723268145607,5.890350392005357,7.52130073811498,11.669770158511099,8.93506983334694,10.087531129843121,5.864264600388113,7.9663081171212555,17.744497357699856,11.146422270671959,12.127251981500734,10.597751652328629,4.413209186509797,4.115392809162017,3.80435650001974,3.5170525606379175,8.089636483070533,11.712416119531238,8.054306099929633,7.623125578869728,4.655290523163052,6.1825682925648024,4.610859408708831,2.616543485081605,0.0,0.0,0.0,0.0,0.0,0.0,0.0,0.0,0.0,0.0,0.0,0.0,0.0,0.0,0.0,0.0,0.0,0.0,0.0,0.0,0.0,0.0,0.0,0.0,0.0,0.0,0.0,0.0,0.0,0.0,0.0,0.0,0.0,0.0,0.0,0.0,0.0,0.0,0.0,0.0,0.0,0.0,0.0,0.0,0.0,0.0,0.0,0.0,0.0,0.0,0.0,0.0,0.0,0.0,0.0,0.0,0.0,0.0,0.0,0.0,0.0,0.0,
0.0,0.0,0.0,0.0,0.0,0.0,0.0,0.0,0.0,0.0,0.0,0.0,0.0,6.745414978203701,7.990142650970761,5.207752066040122,5.616084337498786,4.9009950631472154,3.9792737467381762,10.603216903445126,9.265115297272054,4.824821403310349,8.095003310833496,10.821839631778271,10.543079788077733,8.385573898004298,6.527329649880142,8.84256985434675,9.194752551242557,3.2055583660934266,3.2871963957989876,6.379948491584072,8.876654564229758,11.593926064036356,9.02581344044097,7.226453097406089,3.95826104327577,3.6724533521414653,0.0,0.0,0.0,0.0,0.0,0.0,0.0,0.0,0.0,0.0,0.0,0.0,0.0,0.0,0.0,0.0,0.0,0.0,0.0,0.0,0.0,0.0,0.0,0.0,0.0,0.0,0.0,0.0,0.0,0.0,0.0,0.0,0.0,0.0,0.0,0.0,0.0,0.0,0.0,0.0,0.0,0.0,0.0,0.0,0.0,0.0,0.0,0.0,0.0,0.0,0.0,0.0,0.0,0.0,0.0,0.0,0.0,0.0,0.0,0.0,0.0,0.0,
0.0,0.0,0.0,0.0,0.0,0.0,0.0,0.0,0.0,0.0,0.0,0.0,0.0,7.500709417881438,5.644888652636324,6.722642900252533,8.66669660805938,5.967955375694452,4.822970432214594,5.74397636870979,11.577776686964741,10.844071004748184,5.7967344784808335,11.887451116609924,10.99880986222696,10.242117369656519,12.42728735395424,7.492388902596988,3.591428668489767,2.8854294761879227,4.73925807456951,8.587873270328883,9.61051961711089,12.275819214949378,12.674397939852842,13.11910465640169,7.881433926542608,3.7613300858242473,0.0,0.0,0.0,0.0,0.0,0.0,0.0,0.0,0.0,0.0,0.0,0.0,0.0,0.0,0.0,0.0,0.0,0.0,0.0,0.0,0.0,0.0,0.0,0.0,0.0,0.0,0.0,0.0,0.0,0.0,0.0,0.0,0.0,0.0,0.0,0.0,0.0,0.0,0.0,0.0,0.0,0.0,0.0,0.0,0.0,0.0,0.0,0.0,0.0,0.0,0.0,0.0,0.0,0.0,0.0,0.0,0.0,0.0,0.0,0.0,0.0,0.0,
0.0,0.0,0.0,0.0,0.0,0.0,0.0,0.0,0.0,0.0,0.0,0.0,0.0,6.756575787493209,6.775703652444709,9.05071277842108,11.084144268621012,6.215136140700187,4.420654222975496,7.516247359316481,6.603873521397368,6.946353823804963,13.946571582948865,9.24351233941364,7.708079117995865,12.484016293529667,6.50929393717759,6.861431576444038,6.0733493814251585,7.919692085960629,4.4738130297328516,5.6142990565457085,10.94443689623163,11.990141739453419,8.83468773386132,7.685762254218873,5.7037674401568,4.023712008579563,0.0,0.0,0.0,0.0,0.0,0.0,0.0,0.0,0.0,0.0,0.0,0.0,0.0,0.0,0.0,0.0,0.0,0.0,0.0,0.0,0.0,0.0,0.0,0.0,0.0,0.0,0.0,0.0,0.0,0.0,0.0,0.0,0.0,0.0,0.0,0.0,0.0,0.0,0.0,0.0,0.0,0.0,0.0,0.0,0.0,0.0,0.0,0.0,0.0,0.0,0.0,0.0,0.0,0.0,0.0,0.0,0.0,0.0,0.0,0.0,0.0,0.0,
0.0,0.0,0.0,0.0,0.0,0.0,0.0,0.0,0.0,0.0,0.0,0.0,0.0,6.9231717122167025,6.097576295978262,7.255759787478775,5.290589173185943,6.29581096341625,6.489276598694698,7.312733974279928,9.140422603773926,8.82897027521335,13.645119012203853,11.43851416418296,5.962911115083288,6.067742992419907,7.110690144613751,10.245473746998428,9.78063701124367,11.031472216025023,9.134523445602493,5.221857420720114,10.160580865628242,7.642622527624352,11.992189371254595,14.246336714131886,9.43929746565826,6.992546757253284,9.994456140742779,12.618555981512365,12.696781284412964,11.649325872496508,10.041701138067474,7.468664084305294,10.725369476850872,5.833031594680529,6.135776070938582,7.183011795803187,9.361207366258366,11.502006600205611,7.989871839970533,8.43312805879018,13.505654048080084,12.79694505120754,16.899489628972603,13.579312058675178,13.031129103602487,11.736995269842012,8.448139154205837,11.211036040027174,12.632483984525877,14.352084040079804,18.04544794364565,17.37469479175316,20.727137667742216,22.184272150044123,20.455771332480293,15.592620660561046,18.79883726659139,14.097308935115297,21.884354260293193,18.77951888379137,16.999268888869544,15.273741150122301,12.71471278053515,11.802120962266747,11.051018713211835,8.142232404461692,7.5082181728699995,8.484115139505256,9.096008470128858,14.968488832080618,11.36376299173294,0.0,0.0,0.0,0.0,0.0,0.0,0.0,0.0,0.0,0.0,0.0,0.0,0.0,0.0,0.0,0.0,0.0,
0.0,0.0,0.0,0.0,0.0,0.0,0.0,0.0,0.0,0.0,0.0,0.0,0.0,6.221732118440711,5.43343666937937,6.471251695276354,5.279461685276302,5.56062712419737,6.171427158628126,7.9616614010022335,10.769185923184725,7.40305698748526,11.603787202836175,11.6273107500465,5.935488634694386,5.488667669526788,7.641377500696111,7.870146194047533,6.09808862867475,6.987765925651013,6.712647044622861,7.958960568635364,10.849047063484765,13.854308609099599,13.2085221792975,19.413463521147634,11.779407966519964,11.77060046471621,12.735041767273994,12.224236382429044,8.758235263721726,8.60250588094247,12.482015249912102,11.677486700510777,11.389080123652764,7.8136991995679,9.210632540029046,9.787730027555849,10.834130563817453,11.094049207766961,11.696019217842005,10.505803348166111,14.600158237852174,14.09561403180188,11.915845385045479,15.564290527398539,10.415367263525985,9.517050520627391,7.980675585168848,13.091357576444308,9.145207055472785,12.128003760724523,18.069741190695776,18.94340078628641,23.389453137259746,19.252454577637987,27.570234171309238,25.248876771630748,28.4246149135921,24.646850817747335,17.120933973742165,20.897635887337614,16.973301810637828,11.992371993652645,10.919056779975229,13.037181919081743,13.833315095304885,7.689465132187436,12.747381483842922,11.200780693495718,11.575046254367482,13.620773917156445,14.756257903432399,0.0,0.0,0.0,0.0,0.0,0.0,0.0,0.0,0.0,0.0,0.0,0.0,0.0,0.0,0.0,0.0,0.0,
0.0,0.0,0.0,0.0,0.0,0.0,0.0,0.0,0.0,0.0,0.0,0.0,0.0,6.599561168803964,7.403555547979228,4.210053696041946,5.358181678524263,3.266217856112051,4.718618413813248,5.449553422035886,7.233845047723154,8.822730971671595,9.894493041573021,6.170403198427259,5.444402724390359,5.890331343561547,6.3905846664309385,4.51647713666406,6.17468563683508,5.974425231708465,9.060006119638048,9.891510775956403,8.084670704136263,14.113403932826289,13.731042265853922,14.668903910918413,11.37011549297896,11.860019827598522,12.903144354397583,14.685793140891239,7.96831707392909,8.34454988926124,16.51143044894099,9.546633424077422,8.852167244458721,10.930984620495197,6.551466996270202,7.278738519763481,11.631471216942426,11.343313678820262,9.68056072000513,13.416964380192775,17.327919765844534,17.849812477016435,12.333189740623732,15.024685886907662,15.900305988418651,9.89443321440297,14.457854793847815,15.277891468534168,13.885255310595301,12.823485659700543,14.803045365849712,20.72250094693353,17.11514213229178,19.124728743331175,24.3512646291689,27.118851506858324,24.314330897692912,20.305555347739425,19.15620504051835,16.57514453497076,15.644484237050575,9.158706284553704,10.007950111316573,14.450163729047377,11.598946954404601,12.44280231248989,11.67672898536387,14.5100911920713,10.991490341416133,10.385714312302115,15.985359305386996,0.0,0.0,0.0,0.0,0.0,0.0,0.0,0.0,0.0,0.0,0.0,0.0,0.0,0.0,0.0,0.0,0.0,
0.0,0.0,0.0,0.0,0.0,0.0,0.0,0.0,0.0,0.0,0.0,0.0,0.0,2.6170560147643243,4.499172443298696,3.2689820121431903,4.531829949836629,4.668477959025008,4.284265617506861,5.111953514249824,10.71116458344417,8.53803565404747,8.184344577142982,5.08998184852457,5.076751372063233,7.505776339106829,7.798796117802011,4.666872565387589,4.804377460545943,6.177957629395425,9.377524423176201,12.169467163892495,14.856482475450633,18.176621554582834,12.998046014552367,15.559848813936767,14.169101179949443,12.45209139737845,4.79404874110387,3.474602258282196,7.436893524136968,12.169061730400855,9.489967304775028,8.989523294708642,9.634722261293211,14.192304826862168,9.16094440376102,8.18428274373696,9.958749043108906,10.884735291480794,12.90866407901161,10.669399869231452,16.72215630026224,11.941077310842365,17.23910572108067,18.611240527906617,16.222125307484625,11.562074043216738,18.36376157978228,10.222189471907559,10.940743818729716,12.02756845082824,18.494140076596608,16.476406871545024,25.371200757570087,26.525655435509186,24.261071318909,18.893778449991267,25.421138079190786,15.510261234541238,24.983013998847653,23.41549173846075,19.46144853727136,11.156760242142479,14.174609093596112,12.55342251702602,11.800987087013183,11.689799266577435,17.61626717799627,17.04330753727437,14.525413000335533,15.069461893715648,16.550025916813755,0.0,0.0,0.0,0.0,0.0,0.0,0.0,0.0,0.0,0.0,0.0,0.0,0.0,0.0,0.0,0.0,0.0,
0.0,0.0,0.0,0.0,0.0,0.0,0.0,0.0,0.0,0.0,0.0,0.0,0.0,2.8857068276035163,4.685220683013234,4.633557652117984,5.979208909459165,3.405250861227534,4.959628739902834,5.689582821212757,8.24228153523162,7.214876777135374,7.415241470622143,7.59029563825093,8.373080312588561,6.5080454328215,6.948425486042335,9.190795875529986,4.893132926965867,6.916908876290994,9.864889675347992,6.941499764379301,12.122128111675554,16.749637184725255,14.193977979836761,14.851931445089974,7.469340792287747,8.66938761716555,10.828804126982504,12.545669735078066,15.368038622117911,13.199794740038035,7.967012575254911,11.643659109261531,13.857893194433759,9.071690772255632,8.767611712540623,7.379638623507319,10.907004910463115,10.38156280426106,11.699315481101566,11.711300217703386,19.00598999183894,15.389104909812374,14.334642624728712,19.715611661010044,10.790893211673007,12.23781769802542,13.9857888415631,10.695547507284473,11.149093972338145,21.68458328382551,19.992757572480862,26.59476008103266,22.7918995656782,19.904509687361426,21.391010453777525,21.516878113449202,22.747398279156975,14.602113708343882,13.695991313250081,15.008204595583654,19.844116879673514,19.807909872396387,17.096247384043423,20.449098619441756,16.162981407257586,13.99305596553807,23.560669913589773,19.12494069501198,15.491956065504434,14.19227384655722,13.302778478107962,0.0,0.0,0.0,0.0,0.0,0.0,0.0,0.0,0.0,0.0,0.0,0.0,0.0,0.0,0.0,0.0,0.0,
0.0,0.0,0.0,0.0,0.0,0.0,0.0,0.0,0.0,0.0,0.0,0.0,0.0,3.724361694308139,3.816255727466407,4.008770913767714,6.325541456093424,3.273416867690782,4.9975775601401615,3.086264405435039,5.513078482469463,7.5814915100549705,8.163295640753617,7.848231049880863,7.673775670173427,5.255915804524227,6.438573668342829,5.686809248388419,9.838970413921196,10.665111027109603,9.237969538928926,11.018772616262371,5.161924852520657,13.199438021270813,13.892651037839611,12.11318084627425,9.18963093229685,11.503607872755078,11.398919404848755,6.156119144686464,14.291978696721042,13.052333049895712,13.305336523035354,13.471012932408838,22.25780033830322,12.09202552818429,9.705333701053435,7.621043671478168,7.367494612745504,9.02657391061231,13.668059814124236,9.741380935858553,12.0129925085803,14.893042030571152,11.912294405017159,10.628713117517805,17.212058491481255,11.369210810349955,13.886375753386696,18.545218446613365,14.439857807827526,27.404657244452125,16.071538169736687,19.61202248155609,19.153539869080372,19.102965689621982,20.779045165605236,22.404430166105335,15.545496060913754,20.07983397733503,19.31246607560458,24.787396623187366,19.026717797439392,19.09164791187976,17.14739157643138,15.220274607455856,17.2082159100899,16.523075584316505,23.440548229142568,19.507396964233802,17.02154273653967,13.787876182308038,15.80669827589335,0.0,0.0,0.0,0.0,0.0,0.0,0.0,0.0,0.0,0.0,0.0,0.0,0.0,0.0,0.0,0.0,0.0,
0.0,0.0,0.0,0.0,0.0,0.0,0.0,0.0,0.0,0.0,0.0,0.0,0.0,4.8730521431743306,6.269669734032337,3.660205202074856,5.843388253720365,2.759358988950237,3.5217579629143985,5.2221476856985,5.215266199525528,7.042839698693408,8.598079311534315,6.276115973666961,8.43202923341197,5.2798389279062725,5.915122076373186,7.0521936318742755,7.489989961322537,10.045201179580086,10.373237757083299,15.279178915332121,9.108086117993812,9.89431608250385,9.643510667996424,7.562521892105419,6.323954879352331,4.334063248517166,11.41852069833367,10.830659211029857,7.369052160661848,12.808840355830897,16.752882283562165,17.759981617456955,12.386239736006786,14.996728500925895,13.97159362121978,8.386096157378157,9.550732036690892,8.701370748675831,10.64801727386649,10.182607593993612,16.694458454580104,12.323392450473971,9.862633507796117,9.8542893595095,13.688629664060151,13.242455217315207,16.539537743843816,18.877374727302126,16.444177144089668,16.65311768587464,18.795158466122267,20.493243882952196,15.734079597483811,17.033741121018124,20.122270155229277,20.759430079981755,26.342798365340844,24.113743578511702,20.70561177806502,16.036836614336135,17.171972068915984,7.638945055362821,15.588910333628979,13.767277250311876,17.62021056380402,18.310510569728816,17.403030601803188,16.74259389507151,16.03541320869077,15.267979551691617,15.169961726234652,0.0,0.0,0.0,0.0,0.0,0.0,0.0,0.0,0.0,0.0,0.0,0.0,0.0,0.0,0.0,0.0,0.0,
0.0,0.0,0.0,0.0,0.0,0.0,0.0,0.0,0.0,0.0,0.0,0.0,0.0,4.653872759172642,6.5163385866353085,7.210760795465648,8.205498159206613,8.036444065941245,6.446109096031112,5.902240767325646,4.85713021857296,5.6538696182912185,6.069398173722543,5.919681917955749,9.531197883953451,7.870031544106424,5.699091420816351,8.742063608677451,5.926797329141225,8.828024772547762,10.456632388049497,9.70473721667715,10.230153020928121,12.742505612396549,12.217093623974556,7.662404149920815,7.419217512460579,7.616336076895698,7.642112844147259,9.840478574124855,7.27130041093684,3.9644258971035646,15.284445634546962,15.912306851449458,13.588150661043036,16.53281396258505,14.297786520314048,11.23496927814382,6.331442282855609,10.84689373534992,9.917891293944729,12.016860131304508,12.899376477822914,12.844718900081743,14.922775838266213,11.041777305556291,10.748838666657008,10.798102448636964,15.661558099866479,18.4041698946637,16.110970791428407,12.341398504662392,17.999263870240302,13.592726284722577,17.40205786610762,21.799347701621397,17.30708516456489,17.308192696387213,13.721769555663343,13.375259367688487,19.85984599381706,20.441978059749413,19.687868348776973,18.43620314690676,18.21206444924475,19.588506955045695,20.25690967839821,15.559349536727126,15.599196992365545,13.738029118364448,13.190233658938608,17.062237303096758,14.259053778756233,0.0,0.0,0.0,0.0,0.0,0.0,0.0,0.0,0.0,0.0,0.0,0.0,0.0,0.0,0.0,0.0,0.0,
0.0,0.0,0.0,0.0,0.0,0.0,0.0,0.0,0.0,0.0,0.0,0.0,0.0,3.9751233867334292,4.8531445851069845,12.016749119176303,7.4155670332707775,8.885206998631714,3.375320620495992,6.803879153333916,6.609809799161311,5.325194797723075,5.642034388201799,5.901014827041077,8.35359097340071,7.5692969268566594,6.998995560842068,8.87627099506484,12.401871474583038,6.925934764147683,11.634718226912714,6.634394795791787,8.551423395090215,6.1967422132893635,8.406092960278071,8.215118660611484,8.766126442990718,8.161127431235068,5.167367826419809,11.405536379179196,6.839654847981896,5.218842376912194,8.105280568827292,8.232827505265734,9.850868004939043,10.557306780988903,10.276979267242282,13.413671054698817,9.308537486753888,8.876304639480631,11.5689326523756,9.764715530655733,11.60208071250975,16.751917829886004,12.958355134007295,11.419773640675173,15.64627223633022,12.182649640202122,13.361979495784384,9.83959641770172,17.266476399536085,10.697586928723142,14.599144173911302,15.989184628081345,17.607249868354426,22.809741520926544,18.926260899954382,18.164860250623498,15.7509930173998,20.289243270991392,29.59578241487445,19.796286146590322,18.47858881972828,10.404672771511432,15.710271760865178,16.10025417866551,17.611609512410844,13.856481024073847,11.853232124125872,12.907198543607027,12.024110789410734,11.767610496300474,12.986085743862912,0.0,0.0,0.0,0.0,0.0,0.0,0.0,0.0,0.0,0.0,0.0,0.0,0.0,0.0,0.0,0.0,0.0,
0.0,0.0,0.0,0.0,0.0,0.0,0.0,0.0,0.0,0.0,0.0,0.0,0.0,3.727802687299147,5.237584360810492,6.708741627238498,10.300205654551295,8.644190127972882,2.906065857231227,12.720453183236359,6.833519034598947,8.663768100051213,10.804367408306602,11.733315316037086,10.636046219679317,10.77549144361795,8.69931720208314,6.033863651857826,9.839185795382907,5.563187357412182,5.572610449041559,4.921431115971771,7.570673091832808,7.929008171888426,7.231444788706016,4.442638845057011,4.724720684385614,8.542752662445903,4.032342645333877,3.678967573178624,4.860030064614631,4.941707053358598,6.427106537381011,11.77170446541945,12.308040654433476,12.441910760448426,10.692994978577161,11.121530083042478,10.501029545179343,7.734897745028629,10.781214216525967,9.385314851604843,11.543449773909565,13.227898636389039,14.303509154071062,11.91479495758141,14.419692809066916,15.428397669331721,10.584841410871817,11.133445853549727,13.350680334612555,11.528579874834529,15.37984991791519,19.9414403295097,19.30751414479717,17.024649706294547,19.535067795447592,12.208160182130207,18.38726128508768,17.899418009343915,17.41424108206887,16.342811014087594,12.39371090836925,10.92059798960944,10.36933860720919,10.706504314188942,11.90196372175714,13.41800563558343,12.982179874123053,13.085858797521725,12.347194712100288,14.353704275977158,11.404841889157192,0.0,0.0,0.0,0.0,0.0,0.0,0.0,0.0,0.0,0.0,0.0,0.0,0.0,0.0,0.0,0.0,0.0,
0.0,0.0,0.0,0.0,0.0,0.0,0.0,0.0,0.0,0.0,0.0,0.0,0.0,6.862093008173707,2.7720689664017186,2.5293528129519274,10.039432999301823,9.300935580072204,7.660695198613186,12.818059693377482,8.667330577789642,9.016310694323986,9.591506021242868,10.246331299641481,9.897813366410148,10.406359426489491,9.218497195975619,5.7198899340415865,11.327089434434182,5.815506495417306,8.467186258986064,9.04762307861122,3.7542468323761953,4.685881217632189,7.390731696843237,7.56027479693024,6.266482270592366,6.152953027792323,0.0,0.0,0.0,0.0,0.0,0.0,0.0,0.0,0.0,0.0,0.0,0.0,0.0,0.0,0.0,0.0,0.0,0.0,0.0,0.0,0.0,0.0,0.0,0.0,0.0,0.0,0.0,0.0,0.0,0.0,0.0,0.0,0.0,0.0,0.0,0.0,0.0,0.0,0.0,0.0,0.0,0.0,0.0,0.0,0.0,0.0,0.0,0.0,0.0,0.0,0.0,0.0,0.0,0.0,0.0,0.0,0.0,0.0,0.0,0.0,0.0,0.0,
0.0,0.0,0.0,0.0,0.0,0.0,0.0,0.0,0.0,0.0,0.0,0.0,0.0,6.250000765908514,5.840056056407276,7.057203596493183,3.4158941489913204,10.046890534559566,10.639206180277748,8.935568738160752,9.425193633501262,13.469843062393497,14.185807199454059,9.714616169188892,10.498427771527695,10.340265637558893,7.760629557983196,5.303666337025599,7.636801434506885,7.039815753958515,10.712391226126195,8.84132107046813,3.2945545788223822,5.650982223567595,5.388183768019335,8.136153294771983,6.996415937482964,6.8975821239454875,0.0,0.0,0.0,0.0,0.0,0.0,0.0,0.0,0.0,0.0,0.0,0.0,0.0,0.0,0.0,0.0,0.0,0.0,0.0,0.0,0.0,0.0,0.0,0.0,0.0,0.0,0.0,0.0,0.0,0.0,0.0,0.0,0.0,0.0,0.0,0.0,0.0,0.0,0.0,0.0,0.0,0.0,0.0,0.0,0.0,0.0,0.0,0.0,0.0,0.0,0.0,0.0,0.0,0.0,0.0,0.0,0.0,0.0,0.0,0.0,0.0,0.0,
0.0,0.0,0.0,0.0,0.0,0.0,0.0,0.0,0.0,0.0,0.0,0.0,0.0,8.08193878505421,6.440284898593227,6.2151055628858565,5.179318135440487,4.831819629331284,10.487176400431819,12.464886934303397,12.101152220583304,7.933836976672259,9.612851707855713,10.693400493744884,10.167932512250248,7.972628960041741,7.215007102462574,7.132606774299114,6.828977508960189,6.903706415253573,10.780268260905427,7.693028002455071,3.2041563896847043,5.094260137771541,5.712707292815183,8.136325746622914,7.13880834790103,4.720458921413194,0.0,0.0,0.0,0.0,0.0,0.0,0.0,0.0,0.0,0.0,0.0,0.0,0.0,0.0,0.0,0.0,0.0,0.0,0.0,0.0,0.0,0.0,0.0,0.0,0.0,0.0,0.0,0.0,0.0,0.0,0.0,0.0,0.0,0.0,0.0,0.0,0.0,0.0,0.0,0.0,0.0,0.0,0.0,0.0,0.0,0.0,0.0,0.0,0.0,0.0,0.0,0.0,0.0,0.0,0.0,0.0,0.0,0.0,0.0,0.0,0.0,0.0,
0.0,0.0,0.0,0.0,0.0,0.0,0.0,0.0,0.0,0.0,0.0,0.0,0.0,5.086489083470826,5.866323679682098,5.474393074372411,5.802663098332888,7.386186249479753,7.127042972891216,9.367607501573415,7.2494653899726345,6.315429483070072,6.371311412257724,7.112516921353175,7.279847498909676,7.5033578563173196,9.188793482870597,8.464098891522198,7.887453611038624,7.6754400622460395,12.412242270327969,5.194084207420424,4.807245471987888,5.857870475786309,4.538221245003526,5.456157407572195,8.115435039367851,8.344737779786776,0.0,0.0,0.0,0.0,0.0,0.0,0.0,0.0,0.0,0.0,0.0,0.0,0.0,0.0,0.0,0.0,0.0,0.0,0.0,0.0,0.0,0.0,0.0,0.0,0.0,0.0,0.0,0.0,0.0,0.0,0.0,0.0,0.0,0.0,0.0,0.0,0.0,0.0,0.0,0.0,0.0,0.0,0.0,0.0,0.0,0.0,0.0,0.0,0.0,0.0,0.0,0.0,0.0,0.0,0.0,0.0,0.0,0.0,0.0,0.0,0.0,0.0,
0.0,0.0,0.0,0.0,0.0,0.0,0.0,0.0,0.0,0.0,0.0,0.0,0.0,3.955079278765842,5.310749005035492,5.112279041307449,3.8622489609596418,8.304258039762162,11.343006006364387,13.906356166144363,7.424228001758676,7.176959674561149,7.593283623532279,7.868589012269542,4.829333380462717,6.791307436044554,8.136176448407284,5.838121298175017,6.604250973788861,8.802691261186718,8.448349456011977,8.953803627555063,9.604415311852737,6.776574913259413,8.038142836002281,6.778641878045401,6.903725318995562,7.398376058460546,0.0,0.0,0.0,0.0,0.0,0.0,0.0,0.0,0.0,0.0,0.0,0.0,0.0,0.0,0.0,0.0,0.0,0.0,0.0,0.0,0.0,0.0,0.0,0.0,0.0,0.0,0.0,0.0,0.0,0.0,0.0,0.0,0.0,0.0,0.0,0.0,0.0,0.0,0.0,0.0,0.0,0.0,0.0,0.0,0.0,0.0,0.0,0.0,0.0,0.0,0.0,0.0,0.0,0.0,0.0,0.0,0.0,0.0,0.0,0.0,0.0,0.0,
0.0,0.0,0.0,0.0,0.0,0.0,0.0,0.0,0.0,0.0,0.0,0.0,0.0,2.669237504302853,3.5993428011924555,3.2539552230706423,2.85263689956656,4.640317202588598,8.675900737543625,7.6908664640831415,7.981151560611647,10.744925188229677,7.259033658767588,5.386576830244991,5.369813677036567,6.747079809124849,9.109791132903691,8.299164433573942,6.278103823083227,10.312962835615288,5.577576389521395,7.985906251574779,8.26274915109292,7.460518105958794,9.942963985899052,7.407558048478663,6.731102269015121,6.708835313936934,0.0,0.0,0.0,0.0,0.0,0.0,0.0,0.0,0.0,0.0,0.0,0.0,0.0,0.0,0.0,0.0,0.0,0.0,0.0,0.0,0.0,0.0,0.0,0.0,0.0,0.0,0.0,0.0,0.0,0.0,0.0,0.0,0.0,0.0,0.0,0.0,0.0,0.0,0.0,0.0,0.0,0.0,0.0,0.0,0.0,0.0,0.0,0.0,0.0,0.0,0.0,0.0,0.0,0.0,0.0,0.0,0.0,0.0,0.0,0.0,0.0,0.0,
0.0,0.0,0.0,0.0,0.0,0.0,0.0,0.0,0.0,0.0,0.0,0.0,0.0,2.850262443733398,4.218434899761048,6.442150427655353,8.42856260327778,9.074776869794942,8.304713010088193,4.3857484191688645,7.335911119705364,11.014830727056285,5.611407285209009,8.79896639698502,6.763078867175398,7.069499706707078,10.005586180372092,9.025273786530658,5.389841705243002,10.978372224628774,4.00764262362458,7.735848669044114,8.349287942161812,6.526630051580076,4.086897672070045,3.5357450264059125,6.594369298808687,2.769496545676548,0.0,0.0,0.0,0.0,0.0,0.0,0.0,0.0,0.0,0.0,0.0,0.0,0.0,0.0,0.0,0.0,0.0,0.0,0.0,0.0,0.0,0.0,0.0,0.0,0.0,0.0,0.0,0.0,0.0,0.0,0.0,0.0,0.0,0.0,0.0,0.0,0.0,0.0,0.0,0.0,0.0,0.0,0.0,0.0,0.0,0.0,0.0,0.0,0.0,0.0,0.0,0.0,0.0,0.0,0.0,0.0,0.0,0.0,0.0,0.0,0.0,0.0,
0.0,0.0,0.0,0.0,0.0,0.0,0.0,0.0,0.0,0.0,0.0,0.0,0.0,5.949461284211271,6.588301099982833,7.369827637290435,10.009954447253582,9.178177346636483,3.589487500791648,10.605814052311386,4.92146022128468,3.4032280668699677,5.403265192318463,8.462113898111962,6.369957734567523,7.243074518661554,11.734053990898769,7.830356983108065,7.280521745542594,4.858573798650965,4.67832357949177,5.480816060004614,7.0385380749333555,5.6045743141308195,3.9745014309929028,4.184624702007799,3.350495955848904,2.967169773800469,0.0,0.0,0.0,0.0,0.0,0.0,0.0,0.0,0.0,0.0,0.0,0.0,0.0,0.0,0.0,0.0,0.0,0.0,0.0,0.0,0.0,0.0,0.0,0.0,0.0,0.0,0.0,0.0,0.0,0.0,0.0,0.0,0.0,0.0,0.0,0.0,0.0,0.0,0.0,0.0,0.0,0.0,0.0,0.0,0.0,0.0,0.0,0.0,0.0,0.0,0.0,0.0,0.0,0.0,0.0,0.0,0.0,0.0,0.0,0.0,0.0,0.0,
0.0,0.0,0.0,0.0,0.0,0.0,0.0,0.0,0.0,0.0,0.0,0.0,0.0,5.547346428082853,7.769180631875312,2.842973943852846,14.330730888787077,6.698304616967377,5.6985140048201295,8.912519646033845,4.393519624926845,4.708131406033128,8.527237374059007,10.470548624841232,10.18045229574122,6.6544547936892995,6.134602963721167,6.3266513693523825,6.3094868049872765,5.82234367266007,6.197231661078267,6.698349282631469,3.4278986938287015,3.8581906423463828,4.70167970897008,3.4673603396106554,3.209615832428461,2.9932180291039128,0.0,0.0,0.0,0.0,0.0,0.0,0.0,0.0,0.0,0.0,0.0,0.0,0.0,0.0,0.0,0.0,0.0,0.0,0.0,0.0,0.0,0.0,0.0,0.0,0.0,0.0,0.0,0.0,0.0,0.0,0.0,0.0,0.0,0.0,0.0,0.0,0.0,0.0,0.0,0.0,0.0,0.0,0.0,0.0,0.0,0.0,0.0,0.0,0.0,0.0,0.0,0.0,0.0,0.0,0.0,0.0,0.0,0.0,0.0,0.0,0.0,0.0,
0.0,0.0,0.0,0.0,0.0,0.0,0.0,0.0,0.0,0.0,0.0,0.0,0.0,5.9871925362861,4.975422383266924,6.476682920342777,6.9143969756838946,5.0596293202084395,9.073300154500041,8.751787239451499,4.445619634909027,5.2625142841912425,4.942809096427464,5.413828302385093,7.425192443961566,6.571559920095019,3.929258200869799,4.965829590304954,9.167486615377255,7.137937190513441,6.160111658787301,6.894025648304868,4.51057631488047,4.6220975422801684,4.873318632855698,4.927248947226262,3.881122176149156,3.5867370933306155,0.0,0.0,0.0,0.0,0.0,0.0,0.0,0.0,0.0,0.0,0.0,0.0,0.0,0.0,0.0,0.0,0.0,0.0,0.0,0.0,0.0,0.0,0.0,0.0,0.0,0.0,0.0,0.0,0.0,0.0,0.0,0.0,0.0,0.0,0.0,0.0,0.0,0.0,0.0,0.0,0.0,0.0,0.0,0.0,0.0,0.0,0.0,0.0,0.0,0.0,0.0,0.0,0.0,0.0,0.0,0.0,0.0,0.0,0.0,0.0,0.0,0.0,
0.0,0.0,0.0,0.0,0.0,0.0,0.0,0.0,0.0,0.0,0.0,0.0,0.0,6.171182895348519,6.669260198174944,10.21591431174322,9.954212071033735,10.143065796892287,9.92295134775216,8.9809766834062,7.8092019557566745,5.838613851500106,7.398387952662492,5.250774081960249,6.349833082700728,8.586862001814842,6.34304934336173,6.133568172715164,9.997573610701014,8.513428271139203,7.5751560975284615,6.6303867168855835,3.128680222322407,4.114507899281124,5.459623748000135,5.94202223193737,5.373284333665738,5.6639379864281505,0.0,0.0,0.0,0.0,0.0,0.0,0.0,0.0,0.0,0.0,0.0,0.0,0.0,0.0,0.0,0.0,0.0,0.0,0.0,0.0,0.0,0.0,0.0,0.0,0.0,0.0,0.0,0.0,0.0,0.0,0.0,0.0,0.0,0.0,0.0,0.0,0.0,0.0,0.0,0.0,0.0,0.0,0.0,0.0,0.0,0.0,0.0,0.0,0.0,0.0,0.0,0.0,0.0,0.0,0.0,0.0,0.0,0.0,0.0,0.0,0.0,0.0,
0.0,0.0,0.0,0.0,0.0,0.0,0.0,0.0,0.0,0.0,0.0,0.0,0.0,8.216837421336068,5.980909895892292,7.458548129611819,8.64427965839975,5.694738032442331,6.726672125823066,8.964549777429774,10.426659045689817,5.907783823572374,5.55086657398928,6.039174355285981,5.565499628915353,6.459623766151413,7.555234643735981,6.416893078752154,9.657362883145803,8.591520064487321,6.747816333624424,8.534286941872526,7.624881061534296,9.423997465429515,9.754642089950249,8.072642588250886,6.725048956793684,9.20033728539632,0.0,0.0,0.0,0.0,0.0,0.0,0.0,0.0,0.0,0.0,0.0,0.0,0.0,0.0,0.0,0.0,0.0,0.0,0.0,0.0,0.0,0.0,0.0,0.0,0.0,0.0,0.0,0.0,0.0,0.0,0.0,0.0,0.0,0.0,0.0,0.0,0.0,0.0,0.0,0.0,0.0,0.0,0.0,0.0,0.0,0.0,0.0,0.0,0.0,0.0,0.0,0.0,0.0,0.0,0.0,0.0,0.0,0.0,0.0,0.0,0.0,0.0,
0.0,0.0,0.0,0.0,0.0,0.0,0.0,0.0,0.0,0.0,0.0,0.0,0.0,7.919414029630005,5.589589063430234,7.252387965362366,7.741046017778185,5.387247174601511,3.9119165942524012,3.723824509568612,5.818326017603813,7.5514597359621005,7.019427999140346,7.994426009715456,5.39807796214733,4.899011460172098,7.536839924317712,6.2399718801551565,5.734465947336118,10.087436639152372,9.977984790757816,9.37483153128758,11.925918952795493,4.522135903101621,8.653861117922444,9.775860484031572,5.880728597517828,8.288391857070511,0.0,0.0,0.0,0.0,0.0,0.0,0.0,0.0,0.0,0.0,0.0,0.0,0.0,0.0,0.0,0.0,0.0,0.0,0.0,0.0,0.0,0.0,0.0,0.0,0.0,0.0,0.0,0.0,0.0,0.0,0.0,0.0,0.0,0.0,0.0,0.0,0.0,0.0,0.0,0.0,0.0,0.0,0.0,0.0,0.0,0.0,0.0,0.0,0.0,0.0,0.0,0.0,0.0,0.0,0.0,0.0,0.0,0.0,0.0,0.0,0.0,0.0,
0.0,0.0,0.0,0.0,0.0,0.0,0.0,0.0,0.0,0.0,0.0,0.0,0.0,8.230725445599004,10.555322372941589,7.253551960817881,6.908406258592724,7.09090729372605,5.156335716609842,4.033468225835309,5.759118084333575,5.224772662149776,6.676844965359805,6.024572663418289,3.5875204867810453,6.130639291345446,8.911007698477443,8.404068711686188,9.368698370428312,9.063652768890247,7.6435110874439465,7.662679791109596,7.9331071891396014,11.268062483681568,8.363850334987289,5.519236973121984,8.762270534889064,5.540903509783,0.0,0.0,0.0,0.0,0.0,0.0,0.0,0.0,0.0,0.0,0.0,0.0,0.0,0.0,0.0,0.0,0.0,0.0,0.0,0.0,0.0,0.0,0.0,0.0,0.0,0.0,0.0,0.0,0.0,0.0,0.0,0.0,0.0,0.0,0.0,0.0,0.0,0.0,0.0,0.0,0.0,0.0,0.0,0.0,0.0,0.0,0.0,0.0,0.0,0.0,0.0,0.0,0.0,0.0,0.0,0.0,0.0,0.0,0.0,0.0,0.0,0.0,
0.0,0.0,0.0,0.0,0.0,0.0,0.0,0.0,0.0,0.0,0.0,0.0,0.0,10.03224382460738,7.568028594087031,9.19409574069807,6.627076132040946,7.225764993603466,6.866110441299927,4.416915686581706,6.0013793737354275,6.374183856366974,8.53166752702327,7.935678904465168,7.307059182227501,7.795720990413481,9.83772273618646,6.2294092360429385,8.031121958721217,6.67717211456653,10.893959283696685,7.854434047981269,7.889729609241464,7.10518401758631,6.573977785909722,4.883661317508765,8.855724863824044,5.196905485859355,0.0,0.0,0.0,0.0,0.0,0.0,0.0,0.0,0.0,0.0,0.0,0.0,0.0,0.0,0.0,0.0,0.0,0.0,0.0,0.0,0.0,0.0,0.0,0.0,0.0,0.0,0.0,0.0,0.0,0.0,0.0,0.0,0.0,0.0,0.0,0.0,0.0,0.0,0.0,0.0,0.0,0.0,0.0,0.0,0.0,0.0,0.0,0.0,0.0,0.0,0.0,0.0,0.0,0.0,0.0,0.0,0.0,0.0,0.0,0.0,0.0,0.0,
0.0,0.0,0.0,0.0,0.0,0.0,0.0,0.0,0.0,0.0,0.0,0.0,0.0,9.789653989332972,7.921224060435824,7.263730816633185,6.738236350561619,6.848408398798434,8.425125922684602,3.789555545452687,4.934921142197126,5.511919122649065,4.919341719610625,4.572987233191514,9.172724221332196,3.612355917550343,3.7838700740619333,11.668841917033717,9.805165287230441,8.056177837577838,11.029281880557662,8.486792688411017,5.62147194860769,5.335371367243517,4.063673233569173,5.292039873235142,3.479902664451319,5.351085005981235,0.0,0.0,0.0,0.0,0.0,0.0,0.0,0.0,0.0,0.0,0.0,0.0,0.0,0.0,0.0,0.0,0.0,0.0,0.0,0.0,0.0,0.0,0.0,0.0,0.0,0.0,0.0,0.0,0.0,0.0,0.0,0.0,0.0,0.0,0.0,0.0,0.0,0.0,0.0,0.0,0.0,0.0,0.0,0.0,0.0,0.0,0.0,0.0,0.0,0.0,0.0,0.0,0.0,0.0,0.0,0.0,0.0,0.0,0.0,0.0,0.0,0.0,
0.0,0.0,0.0,0.0,0.0,0.0,0.0,0.0,0.0,0.0,0.0,0.0,0.0,6.75087928594177,4.994423334001878,4.09408427679949,7.694101957677943,6.8895444229222615,3.5777166733139447,4.5106681363620025,4.806437696794444,5.399850218019796,6.356039398628311,4.258747300841552,3.335835745190666,3.632850532575695,7.67117438699676,14.667665229229682,11.382574292068904,12.23765651047248,7.271308382770733,6.316667430592659,5.910463894016094,8.36206581160156,4.367129474021135,5.7303163473605885,4.656202931877418,4.087683092283208,0.0,0.0,0.0,0.0,0.0,0.0,0.0,0.0,0.0,0.0,0.0,0.0,0.0,0.0,0.0,0.0,0.0,0.0,0.0,0.0,0.0,0.0,0.0,0.0,0.0,0.0,0.0,0.0,0.0,0.0,0.0,0.0,0.0,0.0,0.0,0.0,0.0,0.0,0.0,0.0,0.0,0.0,0.0,0.0,0.0,0.0,0.0,0.0,0.0,0.0,0.0,0.0,0.0,0.0,0.0,0.0,0.0,0.0,0.0,0.0,0.0,0.0,
0.0,0.0,0.0,0.0,0.0,0.0,0.0,0.0,0.0,0.0,0.0,0.0,0.0,7.835947736446472,4.9578959703698535,7.423084254613688,7.497993186850506,6.218817880031471,2.932349800206853,4.992631293434113,5.134349992392386,4.758319187949013,6.873688551663147,8.648994364164466,11.596250310467685,11.830435310154385,8.051182705240235,9.213049663956152,9.15308270211269,6.706570750997981,9.696163071113522,7.917560272635257,6.975519109837025,11.068517214383775,8.969744148938773,8.662633927813623,5.43687151815855,5.34115122224228,0.0,0.0,0.0,0.0,0.0,0.0,0.0,0.0,0.0,0.0,0.0,0.0,0.0,0.0,0.0,0.0,0.0,0.0,0.0,0.0,0.0,0.0,0.0,0.0,0.0,0.0,0.0,0.0,0.0,0.0,0.0,0.0,0.0,0.0,0.0,0.0,0.0,0.0,0.0,0.0,0.0,0.0,0.0,0.0,0.0,0.0,0.0,0.0,0.0,0.0,0.0,0.0,0.0,0.0,0.0,0.0,0.0,0.0,0.0,0.0,0.0,0.0,
0.0,0.0,0.0,0.0,0.0,0.0,0.0,0.0,0.0,0.0,0.0,0.0,0.0,7.275307047339467,7.7439650524788535,5.825612554494219,8.45451222432021,4.160063677294588,5.65577278193442,5.516428687426783,9.87538198084812,8.517332235154761,6.487246283410923,6.867263067287927,10.6404448057343,11.191048542263054,8.715890761637386,9.956969558314732,9.544032151606228,11.309316340930234,9.117022542839123,9.666993008453916,7.41053978799617,11.302946330606405,9.585142044957804,9.64658073788312,5.869744947833249,9.676227725155744,0.0,0.0,0.0,0.0,0.0,0.0,0.0,0.0,0.0,0.0,0.0,0.0,0.0,0.0,0.0,0.0,0.0,0.0,0.0,0.0,0.0,0.0,0.0,0.0,0.0,0.0,0.0,0.0,0.0,0.0,0.0,0.0,0.0,0.0,0.0,0.0,0.0,0.0,0.0,0.0,0.0,0.0,0.0,0.0,0.0,0.0,0.0,0.0,0.0,0.0,0.0,0.0,0.0,0.0,0.0,0.0,0.0,0.0,0.0,0.0,0.0,0.0,
0.0,0.0,0.0,0.0,0.0,0.0,0.0,0.0,0.0,0.0,0.0,0.0,0.0,6.886646399603119,6.896795346317856,6.085252594065457,8.326485707311775,9.910717075225648,6.77712380620487,6.195423016935753,11.282886153488292,11.651973808302373,12.956543739375544,5.633355912855759,10.618637313969023,10.932979442048703,8.661766925801398,15.952280021938577,8.119225626352392,9.610893374719762,9.920597437173384,11.674393614882796,8.454413066509975,9.481603506782387,8.77513872307099,15.385528194040562,6.895592075364063,11.536705173351834,0.0,0.0,0.0,0.0,0.0,0.0,0.0,0.0,0.0,0.0,0.0,0.0,0.0,0.0,0.0,0.0,0.0,0.0,0.0,0.0,0.0,0.0,0.0,0.0,0.0,0.0,0.0,0.0,0.0,0.0,0.0,0.0,0.0,0.0,0.0,0.0,0.0,0.0,0.0,0.0,0.0,0.0,0.0,0.0,0.0,0.0,0.0,0.0,0.0,0.0,0.0,0.0,0.0,0.0,0.0,0.0,0.0,0.0,0.0,0.0,0.0,0.0,
0.0,0.0,0.0,0.0,0.0,0.0,0.0,0.0,0.0,0.0,0.0,0.0,0.0,9.095839631960871,6.459959483693602,6.184535901442105,9.090148853638206,10.996826901167957,6.284441647695072,8.646215340749915,8.550652135514605,8.099105124943701,6.8326084312573965,13.046477858651654,14.49560407380051,12.298137917719274,8.356390221733466,10.245902102118782,6.343364528534046,6.72258570104343,10.248957897808534,12.118154044988186,5.53147970303452,8.166272425597528,10.144677420093482,13.171906637717282,10.280801014354875,12.094775512728331,11.6579413570256,13.821227921744535,13.371019127217782,11.936359179815996,8.088863042564654,7.220216289082697,12.891561861561517,13.666454885895192,12.987494622601846,14.694589171069127,14.922552618038297,11.747772180750152,13.666045686359341,13.136674406787062,15.404564268056752,18.080405052107892,11.317548738773235,11.419998970762107,14.942762167992138,11.55188801775866,13.348006144990379,17.283600728057944,15.293866506699153,16.561990109543814,21.66590593120042,18.75875926741473,19.218770115339694,25.8890356169896,21.65168304118178,23.73090642256966,21.13255379336135,23.720747532318658,27.008059789181175,21.594538326247005,21.02685548533975,19.308991671091707,24.193558127750123,33.27102655213201,23.077416460140146,29.926229227765916,32.85870809312074,26.442111410535936,29.843447371020076,29.891804396513194,41.90336272979446,38.61384371386804,39.34973417521778,41.68932729652957,43.70423745880626,42.65271490664969,0.0,0.0,0.0,0.0,0.0,0.0,0.0,0.0,0.0,0.0,0.0,0.0,
0.0,0.0,0.0,0.0,0.0,0.0,0.0,0.0,0.0,0.0,0.0,0.0,0.0,8.2473115289054,9.394220588016145,10.405900618952943,12.723638290519279,12.31615502555678,7.267541279561214,11.363534037029135,11.953459230018396,7.441863563229352,7.328039054570647,5.865395895993915,10.706230412589429,15.672400810330576,8.44533062317316,11.766784038909366,12.955758177296916,8.30380395087716,3.9127815550216085,7.661662879142484,8.83050010838886,12.257063859009076,13.082272523802802,12.742621567777343,12.503866442163229,8.261913167857003,10.232105715243542,10.817079568781983,14.780105672296639,11.388467399461458,11.219536132711985,17.44045163256703,18.201277608860245,19.028441495695013,22.25344224665572,12.498497120722728,16.303522926059216,15.813391846136472,15.558744683996572,9.787351468876974,12.086603173463873,12.683634941886412,11.411643606301732,16.345841956698326,17.961948362198534,17.614899886257263,12.287654107267608,17.803235974272162,15.32795436182263,20.809215381584618,24.773859744289425,25.27894788442329,20.911766039015806,22.40920744417022,20.066007813588126,17.9240587751051,24.62553831178496,37.92709895713876,28.635649006846528,29.12878708033897,26.241164757221707,25.967503439707645,30.32038997899094,29.514583260894263,25.985966405854516,28.71392518419065,32.340170370441356,32.048076359113644,32.68711661338403,30.047500737033797,37.28826567270806,37.50698301033021,32.946364606298836,45.860612508479164,43.82106812169103,47.96056704790229,0.0,0.0,0.0,0.0,0.0,0.0,0.0,0.0,0.0,0.0,0.0,0.0,
0.0,0.0,0.0,0.0,0.0,0.0,0.0,0.0,0.0,0.0,0.0,0.0,0.0,7.754291588818154,5.286226480978925,10.159075408941852,7.299578070291852,8.732594803499227,8.268965401924763,10.133740869640688,11.39394176355917,9.89487080619284,7.6665292887076895,5.481620949755132,10.867019834224013,9.760725522687379,11.428942421782047,10.285421100916171,6.21204569827031,4.345215320383616,3.881136631588126,8.296522210915917,3.152155130297323,6.665264166078343,9.19702166335776,13.425216703260197,10.319208918844804,7.42510813538747,12.806884469930255,12.679451476645259,13.161844836721937,17.093359036554492,18.108251077921025,13.275826371014777,14.604221879848584,16.5560956729123,14.060715785241142,15.076348912977688,11.366025292333662,12.122112949180137,15.164982318650827,16.783570514976056,12.501568149852742,18.01290694001058,17.14501424699954,18.676616703526914,13.526749340636464,13.57050155731276,16.147777352552893,12.99384932506002,13.095865395600413,12.652197772923603,25.157685558584376,25.82981160588305,28.276444113544464,26.037289948092987,24.563705890288492,26.85109049418777,26.10649406001168,36.01685640433967,29.862887600458816,29.56334525579956,34.724593262634755,29.837969302428835,39.31959620574689,32.95913942547216,24.668788362731476,24.195305819266764,33.216520618676654,30.475200853952973,28.07304353830022,36.129096007060554,38.658884890588226,40.997514718861694,41.739464270995846,47.954909161714696,39.86634394330176,34.97621805256369,0.0,0.0,0.0,0.0,0.0,0.0,0.0,0.0,0.0,0.0,0.0,0.0,
0.0,0.0,0.0,0.0,0.0,0.0,0.0,0.0,0.0,0.0,0.0,0.0,0.0,6.391181364549524,5.625797522500609,8.976125740963424,6.876385332358013,11.191194506233705,6.26658260173698,13.726482853305527,11.861170673727578,11.959573208373651,14.554649897238214,12.069754874333814,9.960370352498643,10.060434140720652,8.618854635723219,8.30735793748279,6.303236255323047,4.951968382903428,3.352690428724344,6.070297259661203,5.161735073951008,6.229715154065132,9.63705344482906,13.89589987161143,9.133274471059211,8.222581103788961,10.860343682226315,7.304793708121411,7.109656980094662,10.602481932338925,12.860290747131673,16.500582128823588,12.488031568916288,18.942102743148226,10.269687203888935,9.75463795189515,15.344312883158997,15.259846740037663,15.716581317468503,15.99410677732738,18.7886744624962,20.01076432983818,13.27628904280047,12.37711651936717,21.011211625686776,15.851924114127366,18.415563994695926,11.608686978789045,14.70670737134036,15.02936102877334,24.85048040718577,26.54859078673725,29.23982644303644,21.974466522554952,26.755849357889076,21.81890591609825,23.525151972333703,27.613489500184762,29.07129716921363,38.327998992442055,40.17756421353637,31.23234098814273,28.48200166506447,34.41012102657777,30.002021622553197,23.909547870483664,24.439366734469864,24.426156023244136,28.172650389636694,39.63071530703088,41.19617196476967,35.19675875278813,46.07780408559356,55.90329052854686,43.56044938648549,50.78982929016369,0.0,0.0,0.0,0.0,0.0,0.0,0.0,0.0,0.0,0.0,0.0,0.0,
0.0,0.0,0.0,0.0,0.0,0.0,0.0,0.0,0.0,0.0,0.0,0.0,0.0,7.0577332373810435,11.429227187398192,7.684106273074528,8.156295591736015,11.958737900648426,8.718070475969178,7.5045488199871535,13.401689572429198,8.6619227031257,11.28024965006864,17.132544171015404,12.628201166521581,11.785920495284591,12.610587145224775,11.82031190698832,10.211580327864954,6.452195312571676,7.605468294901549,6.29032627215589,5.5486506500441966,10.065758737370803,5.878237868565727,11.450165238201159,11.577331492184486,9.87602326740452,10.388188042531846,7.867178195376666,7.289370710458572,11.851143022923612,10.989261707895288,15.385715552990437,15.357086192978738,17.289938418063784,10.53627861282291,11.823277984448163,8.869881772131695,11.707579295877041,14.303069764802629,11.075307734569526,13.491181041953872,14.869438663176387,23.45074051474014,15.459296045272984,18.91410006407783,17.77348385078668,10.969709954732899,11.10630431399457,12.19721617589643,12.650076335467633,13.525359774022053,18.561570457989845,22.033132089560482,23.83288560516723,23.163931770592296,27.041120282174223,22.636352537902315,25.898550532761522,28.474307035409044,30.65714691642497,40.627292716768636,26.02727485825327,28.33809108309617,32.31244288355498,34.90456770569665,36.269116558448,21.495071008407283,30.57116971851262,37.27677156686001,35.70391132672699,34.653957175928305,40.46275163284391,46.22889869106608,50.48483618011024,48.39455921425301,52.18426966101784,0.0,0.0,0.0,0.0,0.0,0.0,0.0,0.0,0.0,0.0,0.0,0.0,
0.0,0.0,0.0,0.0,0.0,0.0,0.0,0.0,0.0,0.0,0.0,0.0,0.0,1.9484905637265795,5.65328134607065,7.68722612447427,7.917466876707903,4.28967293225242,8.298383016237025,8.183913700239714,7.563454741510429,9.10499148131905,4.860877428411177,6.786374495515351,11.650197809769134,10.187534614090627,8.61881905152926,8.219733676048222,4.907081145529391,3.507525394312921,3.464031106981399,3.422577470339849,3.9658846657147744,8.85457567975649,4.58596986504904,10.018240266767817,8.014998934374983,7.631659492760888,10.667689418377787,8.942004603171883,6.994965469471796,5.864435071101502,12.267317461577585,6.2018404308722,14.151795359496962,5.9935029476471655,7.060417811081654,11.548321721087905,8.772398075902675,13.869030920312149,11.906468862086571,14.622398536821152,15.237296078609118,13.638726728195278,19.572511805441415,10.10267196119111,8.9920856675982,13.34871604741243,12.484754390747336,12.830158472766577,10.548863923235759,10.022637852309492,15.511561676920422,19.613756422152615,22.640263474491665,13.919162664326842,26.11269578826035,27.372815296314876,31.21398176763968,19.973491193616738,28.343593103989104,30.340788938580282,38.372589210908465,22.738502517198103,34.64648986699928,32.39345945654211,28.579142645027517,28.51485658530504,37.872078856283956,30.90904478450672,32.88780027359706,30.386718352500242,36.34286617402301,51.44254230769807,33.309963967593404,38.712691715861816,36.37390695245997,47.5268419617341,0.0,0.0,0.0,0.0,0.0,0.0,0.0,0.0,0.0,0.0,0.0,0.0,
0.0,0.0,0.0,0.0,0.0,0.0,0.0,0.0,0.0,0.0,0.0,0.0,0.0,1.8966133964819767,6.354402891285795,8.222000786780884,3.6531239972345326,3.718741188372638,2.684110801379358,2.782442055462378,3.5593361504660597,9.328908413245067,5.304759491580268,5.003626576980617,10.101607297324833,12.58381275568723,8.234763539341035,7.137948646475792,5.8263160829277485,4.068029184253733,5.056747607870625,9.427886261893974,7.318182672940917,8.086430492232832,3.7781671384688473,9.044268538211128,4.950823257514723,10.385172988006804,10.589772364313873,7.381417347349502,9.658888857687067,13.606786365345165,11.296557939992706,10.230623996068188,14.076793427834893,5.808753900207263,12.610348072652489,13.78862502192517,13.08848860702619,13.58026514497149,9.708613583089724,11.290384623208311,18.568111884555584,14.228025280228302,15.839669816987971,17.88791597720386,15.728516558104808,15.133561271966208,9.271815022688255,15.80270361276451,14.642335493528876,14.66026319418239,16.28103929014768,18.754836931738787,20.47472274975128,18.370049319187192,19.551152664331564,26.231782289270825,27.428148896791605,21.54232633705987,31.866456127942776,38.91481790668528,21.802108983937842,33.58174432450885,41.56533781877659,35.47738708312079,41.28403196925825,29.87071442725808,30.5383521439436,28.09477698942054,27.445934535386147,28.889233648093683,39.59053705576475,36.21868356010238,32.58942685188999,45.65938256249633,47.23361640260528,47.98386407915729,0.0,0.0,0.0,0.0,0.0,0.0,0.0,0.0,0.0,0.0,0.0,0.0,
0.0,0.0,0.0,0.0,0.0,0.0,0.0,0.0,0.0,0.0,0.0,0.0,0.0,6.286206177287628,6.607913196197197,2.798456343761605,2.490047318803046,3.1365017731496527,3.7504380851923678,6.65032948117294,6.666302066031822,3.833041509736037,4.787191903004943,6.650226331530071,4.795223579231712,9.132349162781392,8.158897611063097,4.528228875571042,3.771187728309028,3.4184134911503525,5.894117455425667,8.25806400028115,8.467315882566252,12.044015328096902,9.266640795492606,9.910096953850193,9.64069286712659,6.144325336592239,7.055551135817309,7.253744348957689,8.713232580891152,11.491003547430763,13.517431234957943,8.018905600364194,14.377870672126967,5.301329463207602,10.479068362222693,10.582998583984601,9.081741609938327,9.178457301749534,8.91167358651061,7.49757885370844,11.634735834956466,16.356441250137802,13.99843700047317,14.85138490866872,14.97360203058823,13.122079723755736,13.720431278482703,13.391247959155098,10.936642394872251,13.047961554122029,14.476616002641327,14.331391102058788,20.003381979985033,20.80751663064462,12.941860550975937,16.29908133582735,22.942537669282913,25.210096049120125,31.036697786612528,24.388063069563962,34.210401670453805,35.33789660372321,39.30754829515561,34.11949873471603,34.20939900769001,37.39018520174586,31.15205240056479,30.605987131042692,31.420280151872756,37.883197472999846,35.07059590616112,43.52982243451581,35.85287012128872,37.02299544786503,36.38936371143219,44.3568200702322,0.0,0.0,0.0,0.0,0.0,0.0,0.0,0.0,0.0,0.0,0.0,0.0,
0.0,0.0,0.0,0.0,0.0,0.0,0.0,0.0,0.0,0.0,0.0,0.0,0.0,2.7094973175173926,2.567743668464677,3.039380026508573,3.6155623730696487,3.3385495900529394,3.218733565699744,3.9382229047533186,5.515643708410645,4.930699049586018,4.188644628535279,7.824810439530061,3.6200788509552293,4.293788108512698,3.278277179753477,2.648563753775366,6.793949156786751,6.435561458472042,6.527415860447884,5.4022701325804645,6.008031987591802,7.882077174494681,7.2893351309575305,8.702822708974569,8.311706107848048,8.486466469547976,8.754360051100452,7.4134645002320125,8.934641948599944,9.556137960116928,10.210430539988863,6.784632992151717,11.468001352815929,8.927365925075236,11.286854459707728,10.338155153054707,10.591463737617103,10.810693528022437,10.557565412075249,9.716343423536205,12.604927410857021,9.398070981379417,10.470695916239725,10.395720630856031,10.331891305056242,10.161452319066246,10.21135468639815,8.816874079150418,8.337075459375296,12.761050456506467,14.464998358849707,14.539432810645023,16.08914648204903,16.8210462402364,14.01601975351327,19.778516336685016,27.63891568344858,19.895703564607345,22.90414781000455,26.27965350950851,24.914553321342684,30.44755656019587,31.764073623593458,40.86496105642526,36.613909053564655,33.983905326145745,28.882490329639914,30.70363619753068,27.95961753968949,27.971161471446056,29.763045306917267,43.105071254823144,41.87101725763554,68.70699193436766,58.22381916062596,53.448323711568584,0.0,0.0,0.0,0.0,0.0,0.0,0.0,0.0,0.0,0.0,0.0,0.0,
0.0,0.0,0.0,0.0,0.0,0.0,0.0,0.0,0.0,0.0,0.0,0.0,0.0,2.8424086921011926,3.1602091869195474,4.908266123757969,2.1036246883132925,2.185430112519901,3.8745180369921597,3.7867881251548314,4.239462443327241,4.3053635413784725,4.785335619591014,5.155758280704923,3.746570059638512,3.5962337816581345,5.583216190773293,5.292366430145158,4.627947035295762,10.297730494751466,7.178168898992466,6.5772122483674496,10.57849413704685,9.904542812841997,6.570449918570667,4.883995739582938,6.380874987511951,7.14296594051267,8.020667432050775,6.413692289572573,6.316292151937828,6.552938129082895,7.830467172908917,9.71558319039091,10.12181915038536,11.725011677347382,11.377298836809267,11.033796729275638,10.683084703071465,9.270511576898123,8.970996185508419,7.480540076313243,12.143924233046523,8.622112298260067,7.981209707620038,12.39207169657841,11.970595384791064,10.374348016145536,10.81918824883885,11.079167686873761,10.048652089013222,12.309852998437083,10.28119134869469,12.466236344645942,15.687805267066768,18.358461239412062,13.786606802055434,13.479140492713238,15.032122945323142,20.38342526543947,23.462463161294096,17.921820107591152,18.978661606808057,32.37390944465335,32.188482269622675,34.031137254777356,22.514095517023044,27.49583267809329,34.649339404499784,29.195543120540407,31.651462161551443,26.16127181226182,27.09165192482912,28.774089735385854,32.099345457706775,42.2544954361375,30.10901427262653,27.94904814934464,0.0,0.0,0.0,0.0,0.0,0.0,0.0,0.0,0.0,0.0,0.0,0.0,
0.0,0.0,0.0,0.0,0.0,0.0,0.0,0.0,0.0,0.0,0.0,0.0,0.0,0.0,0.0,0.0,0.0,0.0,0.0,0.0,0.0,0.0,0.0,0.0,0.0,0.0,0.0,0.0,0.0,0.0,0.0,0.0,0.0,0.0,0.0,0.0,0.0,0.0,0.0,0.0,0.0,0.0,0.0,0.0,0.0,0.0,0.0,0.0,0.0,0.0,0.0,0.0,0.0,0.0,0.0,0.0,0.0,0.0,0.0,0.0,0.0,0.0,0.0,0.0,0.0,0.0,0.0,0.0,0.0,0.0,0.0,0.0,0.0,0.0,0.0,0.0,0.0,0.0,0.0,0.0,0.0,0.0,0.0,0.0,0.0,0.0,0.0,0.0,0.0,0.0,0.0,0.0,0.0,0.0,0.0,0.0,0.0,0.0,0.0,0.0,
0.0,0.0,0.0,0.0,0.0,0.0,0.0,0.0,0.0,0.0,0.0,0.0,0.0,0.0,0.0,0.0,0.0,0.0,0.0,0.0,0.0,0.0,0.0,0.0,0.0,0.0,0.0,0.0,0.0,0.0,0.0,0.0,0.0,0.0,0.0,0.0,0.0,0.0,0.0,0.0,0.0,0.0,0.0,0.0,0.0,0.0,0.0,0.0,0.0,0.0,0.0,0.0,0.0,0.0,0.0,0.0,0.0,0.0,0.0,0.0,0.0,0.0,0.0,0.0,0.0,0.0,0.0,0.0,0.0,0.0,0.0,0.0,0.0,0.0,0.0,0.0,0.0,0.0,0.0,0.0,0.0,0.0,0.0,0.0,0.0,0.0,0.0,0.0,0.0,0.0,0.0,0.0,0.0,0.0,0.0,0.0,0.0,0.0,0.0,0.0,
0.0,0.0,0.0,0.0,0.0,0.0,0.0,0.0,0.0,0.0,0.0,0.0,0.0,0.0,0.0,0.0,0.0,0.0,0.0,0.0,0.0,0.0,0.0,0.0,0.0,0.0,0.0,0.0,0.0,0.0,0.0,0.0,0.0,0.0,0.0,0.0,0.0,0.0,0.0,0.0,0.0,0.0,0.0,0.0,0.0,0.0,0.0,0.0,0.0,0.0,0.0,0.0,0.0,0.0,0.0,0.0,0.0,0.0,0.0,0.0,0.0,0.0,0.0,0.0,0.0,0.0,0.0,0.0,0.0,0.0,0.0,0.0,0.0,0.0,0.0,0.0,0.0,0.0,0.0,0.0,0.0,0.0,0.0,0.0,0.0,0.0,0.0,0.0,0.0,0.0,0.0,0.0,0.0,0.0,0.0,0.0,0.0,0.0,0.0,0.0,
0.0,0.0,0.0,0.0,0.0,0.0,0.0,0.0,0.0,0.0,0.0,0.0,0.0,0.0,0.0,0.0,0.0,0.0,0.0,0.0,0.0,0.0,0.0,0.0,0.0,0.0,0.0,0.0,0.0,0.0,0.0,0.0,0.0,0.0,0.0,0.0,0.0,0.0,0.0,0.0,0.0,0.0,0.0,0.0,0.0,0.0,0.0,0.0,0.0,0.0,0.0,0.0,0.0,0.0,0.0,0.0,0.0,0.0,0.0,0.0,0.0,0.0,0.0,0.0,0.0,0.0,0.0,0.0,0.0,0.0,0.0,0.0,0.0,0.0,0.0,0.0,0.0,0.0,0.0,0.0,0.0,0.0,0.0,0.0,0.0,0.0,0.0,0.0,0.0,0.0,0.0,0.0,0.0,0.0,0.0,0.0,0.0,0.0,0.0,0.0,
0.0,0.0,0.0,0.0,0.0,0.0,0.0,0.0,0.0,0.0,0.0,0.0,0.0,0.0,0.0,0.0,0.0,0.0,0.0,0.0,0.0,0.0,0.0,0.0,0.0,0.0,0.0,0.0,0.0,0.0,0.0,0.0,0.0,0.0,0.0,0.0,0.0,0.0,0.0,0.0,0.0,0.0,0.0,0.0,0.0,0.0,0.0,0.0,0.0,0.0,0.0,0.0,0.0,0.0,0.0,0.0,0.0,0.0,0.0,0.0,0.0,0.0,0.0,0.0,0.0,0.0,0.0,0.0,0.0,0.0,0.0,0.0,0.0,0.0,0.0,0.0,0.0,0.0,0.0,0.0,0.0,0.0,0.0,0.0,0.0,0.0,0.0,0.0,0.0,0.0,0.0,0.0,0.0,0.0,0.0,0.0,0.0,0.0,0.0,0.0,
0.0,0.0,0.0,0.0,0.0,0.0,0.0,0.0,0.0,0.0,0.0,0.0,0.0,0.0,0.0,0.0,0.0,0.0,0.0,0.0,0.0,0.0,0.0,0.0,0.0,0.0,0.0,0.0,0.0,0.0,0.0,0.0,0.0,0.0,0.0,0.0,0.0,0.0,0.0,0.0,0.0,0.0,0.0,0.0,0.0,0.0,0.0,0.0,0.0,0.0,0.0,0.0,0.0,0.0,0.0,0.0,0.0,0.0,0.0,0.0,0.0,0.0,0.0,0.0,0.0,0.0,0.0,0.0,0.0,0.0,0.0,0.0,0.0,0.0,0.0,0.0,0.0,0.0,0.0,0.0,0.0,0.0,0.0,0.0,0.0,0.0,0.0,0.0,0.0,0.0,0.0,0.0,0.0,0.0,0.0,0.0,0.0,0.0,0.0,0.0,
0.0,0.0,0.0,0.0,0.0,0.0,0.0,0.0,0.0,0.0,0.0,0.0,0.0,0.0,0.0,0.0,0.0,0.0,0.0,0.0,0.0,0.0,0.0,0.0,0.0,0.0,0.0,0.0,0.0,0.0,0.0,0.0,0.0,0.0,0.0,0.0,0.0,0.0,0.0,0.0,0.0,0.0,0.0,0.0,0.0,0.0,0.0,0.0,0.0,0.0,0.0,0.0,0.0,0.0,0.0,0.0,0.0,0.0,0.0,0.0,0.0,0.0,0.0,0.0,0.0,0.0,0.0,0.0,0.0,0.0,0.0,0.0,0.0,0.0,0.0,0.0,0.0,0.0,0.0,0.0,0.0,0.0,0.0,0.0,0.0,0.0,0.0,0.0,0.0,0.0,0.0,0.0,0.0,0.0,0.0,0.0,0.0,0.0,0.0,0.0,
0.0,0.0,0.0,0.0,0.0,0.0,0.0,0.0,0.0,0.0,0.0,0.0,0.0,0.0,0.0,0.0,0.0,0.0,0.0,0.0,0.0,0.0,0.0,0.0,0.0,0.0,0.0,0.0,0.0,0.0,0.0,0.0,0.0,0.0,0.0,0.0,0.0,0.0,0.0,0.0,0.0,0.0,0.0,0.0,0.0,0.0,0.0,0.0,0.0,0.0,0.0,0.0,0.0,0.0,0.0,0.0,0.0,0.0,0.0,0.0,0.0,0.0,0.0,0.0,0.0,0.0,0.0,0.0,0.0,0.0,0.0,0.0,0.0,0.0,0.0,0.0,0.0,0.0,0.0,0.0,0.0,0.0,0.0,0.0,0.0,0.0,0.0,0.0,0.0,0.0,0.0,0.0,0.0,0.0,0.0,0.0,0.0,0.0,0.0,0.0,
0.0,0.0,0.0,0.0,0.0,0.0,0.0,0.0,0.0,0.0,0.0,0.0,0.0,0.0,0.0,0.0,0.0,0.0,0.0,0.0,0.0,0.0,0.0,0.0,0.0,0.0,0.0,0.0,0.0,0.0,0.0,0.0,0.0,0.0,0.0,0.0,0.0,0.0,0.0,0.0,0.0,0.0,0.0,0.0,0.0,0.0,0.0,0.0,0.0,0.0,0.0,0.0,0.0,0.0,0.0,0.0,0.0,0.0,0.0,0.0,0.0,0.0,0.0,0.0,0.0,0.0,0.0,0.0,0.0,0.0,0.0,0.0,0.0,0.0,0.0,0.0,0.0,0.0,0.0,0.0,0.0,0.0,0.0,0.0,0.0,0.0,0.0,0.0,0.0,0.0,0.0,0.0,0.0,0.0,0.0,0.0,0.0,0.0,0.0,0.0,
0.0,0.0,0.0,0.0,0.0,0.0,0.0,0.0,0.0,0.0,0.0,0.0,0.0,0.0,0.0,0.0,0.0,0.0,0.0,0.0,0.0,0.0,0.0,0.0,0.0,0.0,0.0,0.0,0.0,0.0,0.0,0.0,0.0,0.0,0.0,0.0,0.0,0.0,0.0,0.0,0.0,0.0,0.0,0.0,0.0,0.0,0.0,0.0,0.0,0.0,0.0,0.0,0.0,0.0,0.0,0.0,0.0,0.0,0.0,0.0,0.0,0.0,0.0,0.0,0.0,0.0,0.0,0.0,0.0,0.0,0.0,0.0,0.0,0.0,0.0,0.0,0.0,0.0,0.0,0.0,0.0,0.0,0.0,0.0,0.0,0.0,0.0,0.0,0.0,0.0,0.0,0.0,0.0,0.0,0.0,0.0,0.0,0.0,0.0,0.0,
0.0,0.0,0.0,0.0,0.0,0.0,0.0,0.0,0.0,0.0,0.0,0.0,0.0,0.0,0.0,0.0,0.0,0.0,0.0,0.0,0.0,0.0,0.0,0.0,0.0,0.0,0.0,0.0,0.0,0.0,0.0,0.0,0.0,0.0,0.0,0.0,0.0,0.0,0.0,0.0,0.0,0.0,0.0,0.0,0.0,0.0,0.0,0.0,0.0,0.0,0.0,0.0,0.0,0.0,0.0,0.0,0.0,0.0,0.0,0.0,0.0,0.0,0.0,0.0,0.0,0.0,0.0,0.0,0.0,0.0,0.0,0.0,0.0,0.0,0.0,0.0,0.0,0.0,0.0,0.0,0.0,0.0,0.0,0.0,0.0,0.0,0.0,0.0,0.0,0.0,0.0,0.0,0.0,0.0,0.0,0.0,0.0,0.0,0.0,0.0,
0.0,0.0,0.0,0.0,0.0,0.0,0.0,0.0,0.0,0.0,0.0,0.0,0.0,0.0,0.0,0.0,0.0,0.0,0.0,0.0,0.0,0.0,0.0,0.0,0.0,0.0,0.0,0.0,0.0,0.0,0.0,0.0,0.0,0.0,0.0,0.0,0.0,0.0,0.0,0.0,0.0,0.0,0.0,0.0,0.0,0.0,0.0,0.0,0.0,0.0,0.0,0.0,0.0,0.0,0.0,0.0,0.0,0.0,0.0,0.0,0.0,0.0,0.0,0.0,0.0,0.0,0.0,0.0,0.0,0.0,0.0,0.0,0.0,0.0,0.0,0.0,0.0,0.0,0.0,0.0,0.0,0.0,0.0,0.0,0.0,0.0,0.0,0.0,0.0,0.0,0.0,0.0,0.0,0.0,0.0,0.0,0.0,0.0,0.0,0.0,
0.0,0.0,0.0,0.0,0.0,0.0,0.0,0.0,0.0,0.0,0.0,0.0,0.0,0.0,0.0,0.0,0.0,0.0,0.0,0.0,0.0,0.0,0.0,0.0,0.0,0.0,0.0,0.0,0.0,0.0,0.0,0.0,0.0,0.0,0.0,0.0,0.0,0.0,0.0,0.0,0.0,0.0,0.0,0.0,0.0,0.0,0.0,0.0,0.0,0.0,0.0,0.0,0.0,0.0,0.0,0.0,0.0,0.0,0.0,0.0,0.0,0.0,0.0,0.0,0.0,0.0,0.0,0.0,0.0,0.0,0.0,0.0,0.0,0.0,0.0,0.0,0.0,0.0,0.0,0.0,0.0,0.0,0.0,0.0,0.0,0.0,0.0,0.0,0.0,0.0,0.0,0.0,0.0,0.0,0.0,0.0,0.0,0.0,0.0,0.0,
0.0,0.0,0.0,0.0,0.0,0.0,0.0,0.0,0.0,0.0,0.0,0.0,0.0,0.0,0.0,0.0,0.0,0.0,0.0,0.0,0.0,0.0,0.0,0.0,0.0,0.0,0.0,0.0,0.0,0.0,0.0,0.0,0.0,0.0,0.0,0.0,0.0,0.0,0.0,0.0,0.0,0.0,0.0,0.0,0.0,0.0,0.0,0.0,0.0,0.0,0.0,0.0,0.0,0.0,0.0,0.0,0.0,0.0,0.0,0.0,0.0,0.0,0.0,0.0,0.0,0.0,0.0,0.0,0.0,0.0,0.0,0.0,0.0,0.0,0.0,0.0,0.0,0.0,0.0,0.0,0.0,0.0,0.0,0.0,0.0,0.0,0.0,0.0,0.0,0.0,0.0,0.0,0.0,0.0,0.0,0.0,0.0,0.0,0.0,0.0,
0.0,0.0,0.0,0.0,0.0,0.0,0.0,0.0,0.0,0.0,0.0,0.0,0.0,0.0,0.0,0.0,0.0,0.0,0.0,0.0,0.0,0.0,0.0,0.0,0.0,0.0,0.0,0.0,0.0,0.0,0.0,0.0,0.0,0.0,0.0,0.0,0.0,0.0,0.0,0.0,0.0,0.0,0.0,0.0,0.0,0.0,0.0,0.0,0.0,0.0,0.0,0.0,0.0,0.0,0.0,0.0,0.0,0.0,0.0,0.0,0.0,0.0,0.0,0.0,0.0,0.0,0.0,0.0,0.0,0.0,0.0,0.0,0.0,0.0,0.0,0.0,0.0,0.0,0.0,0.0,0.0,0.0,0.0,0.0,0.0,0.0,0.0,0.0,0.0,0.0,0.0,0.0,0.0,0.0,0.0,0.0,0.0,0.0,0.0,0.0,
